m_pos_vars,d_coef_econ,d_coef_loc,d_coef_glob,d_id,d_experiment,m_neg_vars,is_correct_model,m_stanfile,csv_filename,seed,Econ_coef_glm,Glob_coef_glm,Loc_coef_glm,ac_dist_coef_glm,acoustic_distance,Econ_glm_diff,Glob_glm_diff,Loc_glm_diff,ac_dist_diff,intercept_brms_coef,Econ_brms_coef,Glob_brms_coef,Loc_brms_coef,ac_dist_brms_coef,econ_sd,glob_sd,loc_sd,intercept_brms_rhat,Econ_brms_rhat,Glob_brms_rhat,Loc_brms_rhat,ac_dist_brms_rhat,Econ_brms_diff,Glob_brms_diff,Loc_brms_diff,ac_brms_diff
Econ+Glob+Loc,10,10,10,reps,hindi,NA,TRUE,stan_models/master_pos.stan,hindi/reps/econ_10_loc_10_glob_10_rep1.csv,0.5587679555,7.725859610199627,5.462518561028415,4.221560027395305,-0.7526287079141643,-0.1784,-2.2741403898003734,-4.537481438971585,-5.778439972604695,-0.5742287079141642,0.9619564725278649,0.8344056701424409,0.4644719916754723,1.9209295990682356,-0.1293476416433385,NA,NA,NA,NA,NA,NA,NA,NA,-9.165594329857559,-9.535528008324528,-8.079070400931764,0.049052358356661496
Econ+Glob,10,10,10,reps,hindi,Loc,FALSE,stan_models/master_model.stan,hindi/reps/econ_10_loc_10_glob_10_rep2.csv,0.1755798566,15.153094125446223,-1.6319828274154164,-5.199253085561363,-1.135963067613589,-0.1784,5.1530941254462235,-11.631982827415417,-15.199253085561363,-0.957563067613589,1.4443400920568648,1.067234857795268,0.3904527761882812,-2.134883741721386,-0.2568257613585427,NA,NA,NA,NA,NA,NA,NA,NA,-8.932765142204731,-9.609547223811719,-12.134883741721385,-0.07842576135854268
Econ+Loc,10,10,10,reps,hindi,Glob,FALSE,stan_models/master_model.stan,hindi/reps/econ_10_loc_10_glob_10_rep3.csv,0.8791068791,12.891538558280528,5.222150391555915,-14.494671548520195,0.12489403524526813,-0.1784,2.891538558280528,-4.777849608444085,-24.494671548520195,0.3032940352452681,1.237606965737365,0.4568580088698788,-0.5049799641746474,0.9500276097814989,-0.21893022022320516,NA,NA,NA,NA,NA,NA,NA,NA,-9.54314199113012,-10.504979964174648,-9.049972390218501,-0.040530220223205154
Glob+Loc,10,10,10,reps,hindi,Econ,FALSE,stan_models/master_model.stan,hindi/reps/econ_10_loc_10_glob_10_rep4.csv,0.06549947309,144.80971790066354,18.4762106764614,295.8833272903988,0.8841064062572013,-0.1784,134.80971790066354,8.476210676461399,285.8833272903988,1.0625064062572012,0.8789572229558502,-0.20563806533242102,0.30325938133339764,4.8946575686951705,0.006589003187187191,NA,NA,NA,NA,NA,NA,NA,NA,-10.20563806533242,-9.696740618666603,-5.1053424313048295,0.1849890031871872
Econ,10,10,10,reps,hindi,Glob+Loc,FALSE,stan_models/master_model.stan,hindi/reps/econ_10_loc_10_glob_10_rep5.csv,0.1657010787,22.6830779628579,17.81333887611267,-12.81577725738234,-0.6555492584276557,-0.1784,12.683077962857901,7.81333887611267,-22.81577725738234,-0.47714925842765565,1.5363446747918383,1.0645119284604259,-0.39460457651158676,-1.701645642489843,-0.07521993305211179,NA,NA,NA,NA,NA,NA,NA,NA,-8.935488071539574,-10.394604576511586,-11.701645642489844,0.10318006694788821
Glob,10,10,10,reps,hindi,Econ+Loc,FALSE,stan_models/master_model.stan,hindi/reps/econ_10_loc_10_glob_10_rep6.csv,0.8595237824,13.902269289839248,19.26882686733073,17.543685796544843,-0.7600685762028166,-0.1784,3.902269289839248,9.26882686733073,7.5436857965448425,-0.5816685762028166,1.430687568102679,-0.08202969994735547,0.22341138050800333,-0.4818447364425972,-0.11178970628457893,NA,NA,NA,NA,NA,NA,NA,NA,-10.082029699947356,-9.776588619491998,-10.481844736442596,0.06661029371542107
Loc,10,10,10,reps,hindi,Econ+Glob,FALSE,stan_models/master_model.stan,hindi/reps/econ_10_loc_10_glob_10_rep7.csv,0.4652769025,9.054282587950102,7.683657226990002,15.569388196012463,0.03549302751221557,-0.1784,-0.9457174120498983,-2.316342773009998,5.569388196012463,0.21389302751221556,0.9652388685871113,-0.4457936867715213,-0.5062277450212062,4.521444667917158,-0.12430634124952195,NA,NA,NA,NA,NA,NA,NA,NA,-10.445793686771522,-10.506227745021206,-5.478555332082842,0.05409365875047806
NA,10,10,10,reps,hindi,Econ+Glob+Loc,FALSE,stan_models/master_neg.stan,hindi/reps/econ_10_loc_10_glob_10_rep8.csv,0.1690706226,8.411555367497977,6.3853893393507155,1.274778071264059,-0.28845054482779103,-0.1784,-1.5884446325020232,-3.6146106606492845,-8.725221928735941,-0.11005054482779103,1.6602854025811185,-0.1998601490332116,-1.2239308415603942,-0.7391451154561242,-0.21965942048839407,NA,NA,NA,NA,NA,NA,NA,NA,-10.199860149033212,-11.223930841560394,-10.739145115456123,-0.041259420488394066
Econ+Glob+Loc,10,10,10,reps,hindi,NA,TRUE,stan_models/master_pos.stan,hindi/reps/econ_10_loc_10_glob_10_rep9.csv,0.6091965821,5.644084241996361,11.637147838573686,36.68329739471193,0.6096142003939098,-0.1784,-4.355915758003639,1.6371478385736857,26.68329739471193,0.7880142003939098,0.9619564725278649,0.8344056701424409,0.4644719916754723,1.9209295990682356,-0.1293476416433385,NA,NA,NA,NA,NA,NA,NA,NA,-9.165594329857559,-9.535528008324528,-8.079070400931764,0.049052358356661496
Econ+Glob,10,10,10,reps,hindi,Loc,FALSE,stan_models/master_model.stan,hindi/reps/econ_10_loc_10_glob_10_rep10.csv,0.7121370365,11.919728801419671,7.722684997221264,-1.1720017262635762,-0.6649464244654598,-0.1784,1.9197288014196712,-2.277315002778736,-11.172001726263577,-0.4865464244654598,1.4443400920568648,1.067234857795268,0.3904527761882812,-2.134883741721386,-0.2568257613585427,NA,NA,NA,NA,NA,NA,NA,NA,-8.932765142204731,-9.609547223811719,-12.134883741721385,-0.07842576135854268
Econ+Loc,10,10,10,reps,hindi,Glob,FALSE,stan_models/master_model.stan,hindi/reps/econ_10_loc_10_glob_10_rep11.csv,0.9213825566,11.187002598465297,14.139340573447504,36.307879491584046,-0.7016082288083205,-0.1784,1.1870025984652965,4.1393405734475035,26.307879491584046,-0.5232082288083205,1.237606965737365,0.4568580088698788,-0.5049799641746474,0.9500276097814989,-0.21893022022320516,NA,NA,NA,NA,NA,NA,NA,NA,-9.54314199113012,-10.504979964174648,-9.049972390218501,-0.040530220223205154
Glob+Loc,10,10,10,reps,hindi,Econ,FALSE,stan_models/master_model.stan,hindi/reps/econ_10_loc_10_glob_10_rep12.csv,0.5922948853,37.27211300982215,3.112819091117223,-41.17149801425171,0.44081042586191393,-0.1784,27.27211300982215,-6.887180908882777,-51.17149801425171,0.619210425861914,0.8789572229558502,-0.20563806533242102,0.30325938133339764,4.8946575686951705,0.006589003187187191,NA,NA,NA,NA,NA,NA,NA,NA,-10.20563806533242,-9.696740618666603,-5.1053424313048295,0.1849890031871872
Econ,10,10,10,reps,hindi,Glob+Loc,FALSE,stan_models/master_model.stan,hindi/reps/econ_10_loc_10_glob_10_rep13.csv,0.694557869,7.307422694278037,7.856714431735554,10.458700071913146,0.15735078882368875,-0.1784,-2.6925773057219633,-2.143285568264446,0.458700071913146,0.33575078882368875,1.5363446747918383,1.0645119284604259,-0.39460457651158676,-1.701645642489843,-0.07521993305211179,NA,NA,NA,NA,NA,NA,NA,NA,-8.935488071539574,-10.394604576511586,-11.701645642489844,0.10318006694788821
Glob,10,10,10,reps,hindi,Econ+Loc,FALSE,stan_models/master_model.stan,hindi/reps/econ_10_loc_10_glob_10_rep14.csv,0.3569590974,12.242269348491575,21.196302000317218,13.008111986802142,0.2899453285851753,-0.1784,2.2422693484915754,11.196302000317218,3.0081119868021418,0.4683453285851753,1.430687568102679,-0.08202969994735547,0.22341138050800333,-0.4818447364425972,-0.11178970628457893,NA,NA,NA,NA,NA,NA,NA,NA,-10.082029699947356,-9.776588619491998,-10.481844736442596,0.06661029371542107
Loc,10,10,10,reps,hindi,Econ+Glob,FALSE,stan_models/master_model.stan,hindi/reps/econ_10_loc_10_glob_10_rep15.csv,0.09308900326,7.221979691116719,8.810889715606132,14.545139601398477,0.18882420329421176,-0.1784,-2.7780203088832813,-1.189110284393868,4.545139601398477,0.3672242032942118,0.9652388685871113,-0.4457936867715213,-0.5062277450212062,4.521444667917158,-0.12430634124952195,NA,NA,NA,NA,NA,NA,NA,NA,-10.445793686771522,-10.506227745021206,-5.478555332082842,0.05409365875047806
NA,10,10,10,reps,hindi,Econ+Glob+Loc,FALSE,stan_models/master_neg.stan,hindi/reps/econ_10_loc_10_glob_10_rep16.csv,0.6713868005,13.971948646170658,6.408619636430279,14.613232921621416,-1.1054416380255685,-0.1784,3.9719486461706577,-3.591380363569721,4.613232921621416,-0.9270416380255685,1.6602854025811185,-0.1998601490332116,-1.2239308415603942,-0.7391451154561242,-0.21965942048839407,NA,NA,NA,NA,NA,NA,NA,NA,-10.199860149033212,-11.223930841560394,-10.739145115456123,-0.041259420488394066
Econ+Glob+Loc,10,10,10,reps,hindi,NA,TRUE,stan_models/master_pos.stan,hindi/reps/econ_10_loc_10_glob_10_rep17.csv,0.3878194924,6.028653997670113,8.223760831294632,20.58007571463343,0.3412152024376438,-0.1784,-3.971346002329887,-1.7762391687053682,10.58007571463343,0.5196152024376438,0.9619564725278649,0.8344056701424409,0.4644719916754723,1.9209295990682356,-0.1293476416433385,NA,NA,NA,NA,NA,NA,NA,NA,-9.165594329857559,-9.535528008324528,-8.079070400931764,0.049052358356661496
Econ+Glob,10,10,10,reps,hindi,Loc,FALSE,stan_models/master_model.stan,hindi/reps/econ_10_loc_10_glob_10_rep18.csv,0.7448601964,8.451019264414889,7.121300300606227,18.459607003770913,-1.070998070142535,-0.1784,-1.5489807355851113,-2.8786996993937732,8.459607003770913,-0.892598070142535,1.4443400920568648,1.067234857795268,0.3904527761882812,-2.134883741721386,-0.2568257613585427,NA,NA,NA,NA,NA,NA,NA,NA,-8.932765142204731,-9.609547223811719,-12.134883741721385,-0.07842576135854268
Econ+Loc,10,10,10,reps,hindi,Glob,FALSE,stan_models/master_model.stan,hindi/reps/econ_10_loc_10_glob_10_rep19.csv,0.7786255107,5.1965988414557325,8.692277119323833,26.35553714038484,-1.185021077346352,-0.1784,-4.8034011585442675,-1.3077228806761667,16.35553714038484,-1.006621077346352,1.237606965737365,0.4568580088698788,-0.5049799641746474,0.9500276097814989,-0.21893022022320516,NA,NA,NA,NA,NA,NA,NA,NA,-9.54314199113012,-10.504979964174648,-9.049972390218501,-0.040530220223205154
Glob+Loc,10,10,10,reps,hindi,Econ,FALSE,stan_models/master_model.stan,hindi/reps/econ_10_loc_10_glob_10_rep20.csv,0.1032965632,23.24844705546045,-2.4343865775148834,-38.62555197129934,-0.4084706657268888,-0.1784,13.24844705546045,-12.434386577514884,-48.62555197129934,-0.23007066572688878,0.8789572229558502,-0.20563806533242102,0.30325938133339764,4.8946575686951705,0.006589003187187191,NA,NA,NA,NA,NA,NA,NA,NA,-10.20563806533242,-9.696740618666603,-5.1053424313048295,0.1849890031871872
Econ,10,10,10,reps,hindi,Glob+Loc,FALSE,stan_models/master_model.stan,hindi/reps/econ_10_loc_10_glob_10_rep21.csv,0.162978323,12.202386724759268,19.448912717333307,24.841078817300456,0.20156102886658175,-0.1784,2.2023867247592683,9.448912717333307,14.841078817300456,0.3799610288665818,1.5363446747918383,1.0645119284604259,-0.39460457651158676,-1.701645642489843,-0.07521993305211179,NA,NA,NA,NA,NA,NA,NA,NA,-8.935488071539574,-10.394604576511586,-11.701645642489844,0.10318006694788821
Glob,10,10,10,reps,hindi,Econ+Loc,FALSE,stan_models/master_model.stan,hindi/reps/econ_10_loc_10_glob_10_rep22.csv,0.7415065485,5.0368396075846995,7.604698894955166,25.854396985413537,-0.5081293893062082,-0.1784,-4.9631603924153005,-2.395301105044834,15.854396985413537,-0.3297293893062082,1.430687568102679,-0.08202969994735547,0.22341138050800333,-0.4818447364425972,-0.11178970628457893,NA,NA,NA,NA,NA,NA,NA,NA,-10.082029699947356,-9.776588619491998,-10.481844736442596,0.06661029371542107
Loc,10,10,10,reps,hindi,Econ+Glob,FALSE,stan_models/master_model.stan,hindi/reps/econ_10_loc_10_glob_10_rep23.csv,0.7216724941,13.367011539775365,18.716739608976518,26.497234779440316,0.09054327259941547,-0.1784,3.3670115397753655,8.716739608976518,16.497234779440316,0.2689432725994155,0.9652388685871113,-0.4457936867715213,-0.5062277450212062,4.521444667917158,-0.12430634124952195,NA,NA,NA,NA,NA,NA,NA,NA,-10.445793686771522,-10.506227745021206,-5.478555332082842,0.05409365875047806
NA,10,10,10,reps,hindi,Econ+Glob+Loc,FALSE,stan_models/master_neg.stan,hindi/reps/econ_10_loc_10_glob_10_rep24.csv,0.6736649267,7.397473265871387,4.6765427315960775,-3.2277185784466984,0.300977956514276,-0.1784,-2.602526734128613,-5.3234572684039225,-13.227718578446698,0.479377956514276,1.6602854025811185,-0.1998601490332116,-1.2239308415603942,-0.7391451154561242,-0.21965942048839407,NA,NA,NA,NA,NA,NA,NA,NA,-10.199860149033212,-11.223930841560394,-10.739145115456123,-0.041259420488394066
Econ+Glob+Loc,10,10,10,reps,hindi,NA,TRUE,stan_models/master_pos.stan,hindi/reps/econ_10_loc_10_glob_10_rep25.csv,0.1987607931,8.943291436476569,13.272453066918347,17.54444058633922,-0.13168366566391657,-0.1784,-1.056708563523431,3.272453066918347,7.5444405863392205,0.04671633433608344,0.9619564725278649,0.8344056701424409,0.4644719916754723,1.9209295990682356,-0.1293476416433385,NA,NA,NA,NA,NA,NA,NA,NA,-9.165594329857559,-9.535528008324528,-8.079070400931764,0.049052358356661496
Econ+Glob,10,10,10,reps,hindi,Loc,FALSE,stan_models/master_model.stan,hindi/reps/econ_10_loc_10_glob_10_rep26.csv,0.2200650618,10.408213917648597,14.630440140293928,6.69945728542736,-0.2331145374481715,-0.1784,0.40821391764859705,4.630440140293928,-3.3005427145726403,-0.05471453744817151,1.4443400920568648,1.067234857795268,0.3904527761882812,-2.134883741721386,-0.2568257613585427,NA,NA,NA,NA,NA,NA,NA,NA,-8.932765142204731,-9.609547223811719,-12.134883741721385,-0.07842576135854268
Econ+Loc,10,10,10,reps,hindi,Glob,FALSE,stan_models/master_model.stan,hindi/reps/econ_10_loc_10_glob_10_rep27.csv,0.8656898931,27.737719366404352,-1.3974297269803537,-37.214371864703246,-0.3073357495999024,-0.1784,17.737719366404352,-11.397429726980354,-47.214371864703246,-0.1289357495999024,1.237606965737365,0.4568580088698788,-0.5049799641746474,0.9500276097814989,-0.21893022022320516,NA,NA,NA,NA,NA,NA,NA,NA,-9.54314199113012,-10.504979964174648,-9.049972390218501,-0.040530220223205154
Glob+Loc,10,10,10,reps,hindi,Econ,FALSE,stan_models/master_model.stan,hindi/reps/econ_10_loc_10_glob_10_rep28.csv,0.8375312162,6.2956082278125605,7.153764921348183,21.451052394866487,-0.4183573280592294,-0.1784,-3.7043917721874395,-2.8462350786518167,11.451052394866487,-0.23995732805922942,0.8789572229558502,-0.20563806533242102,0.30325938133339764,4.8946575686951705,0.006589003187187191,NA,NA,NA,NA,NA,NA,NA,NA,-10.20563806533242,-9.696740618666603,-5.1053424313048295,0.1849890031871872
Econ,10,10,10,reps,hindi,Glob+Loc,FALSE,stan_models/master_model.stan,hindi/reps/econ_10_loc_10_glob_10_rep29.csv,0.7374154792,14.049580989426234,9.814275652233022,-18.076001198097156,-0.6536772911129803,-0.1784,4.049580989426234,-0.18572434776697833,-28.076001198097156,-0.47527729111298034,1.5363446747918383,1.0645119284604259,-0.39460457651158676,-1.701645642489843,-0.07521993305211179,NA,NA,NA,NA,NA,NA,NA,NA,-8.935488071539574,-10.394604576511586,-11.701645642489844,0.10318006694788821
Glob,10,10,10,reps,hindi,Econ+Loc,FALSE,stan_models/master_model.stan,hindi/reps/econ_10_loc_10_glob_10_rep30.csv,0.3279996328,11.560583282380492,12.762637740952254,22.603554169349128,-0.10529415821812144,-0.1784,1.5605832823804917,2.762637740952254,12.603554169349128,0.07310584178187857,1.430687568102679,-0.08202969994735547,0.22341138050800333,-0.4818447364425972,-0.11178970628457893,NA,NA,NA,NA,NA,NA,NA,NA,-10.082029699947356,-9.776588619491998,-10.481844736442596,0.06661029371542107
Loc,10,10,10,reps,hindi,Econ+Glob,FALSE,stan_models/master_model.stan,hindi/reps/econ_10_loc_10_glob_10_rep31.csv,0.8927446886,16.335887572383058,6.941771546779794,-18.114121502064577,0.010358291011251013,-0.1784,6.335887572383058,-3.058228453220206,-28.114121502064577,0.18875829101125102,0.9652388685871113,-0.4457936867715213,-0.5062277450212062,4.521444667917158,-0.12430634124952195,NA,NA,NA,NA,NA,NA,NA,NA,-10.445793686771522,-10.506227745021206,-5.478555332082842,0.05409365875047806
NA,10,10,10,reps,hindi,Econ+Glob+Loc,FALSE,stan_models/master_neg.stan,hindi/reps/econ_10_loc_10_glob_10_rep32.csv,0.501812503,10.098630256857396,11.598594599230049,2.295900796384812,-0.2332412722563628,-0.1784,0.09863025685739579,1.598594599230049,-7.704099203615188,-0.05484127225636279,1.6602854025811185,-0.1998601490332116,-1.2239308415603942,-0.7391451154561242,-0.21965942048839407,NA,NA,NA,NA,NA,NA,NA,NA,-10.199860149033212,-11.223930841560394,-10.739145115456123,-0.041259420488394066
Econ+Glob+Loc,10,10,10,reps,hindi,NA,TRUE,stan_models/master_pos.stan,hindi/reps/econ_10_loc_10_glob_10_rep33.csv,0.3627802936,8.297243055678253,9.555911612487586,15.17861114362937,0.5255597629156199,-0.1784,-1.702756944321747,-0.444088387512414,5.17861114362937,0.7039597629156199,0.9619564725278649,0.8344056701424409,0.4644719916754723,1.9209295990682356,-0.1293476416433385,NA,NA,NA,NA,NA,NA,NA,NA,-9.165594329857559,-9.535528008324528,-8.079070400931764,0.049052358356661496
Econ+Glob,10,10,10,reps,hindi,Loc,FALSE,stan_models/master_model.stan,hindi/reps/econ_10_loc_10_glob_10_rep34.csv,0.4592275816,20.789416415912637,15.975088099224747,21.30736181513094,0.546687039317203,-0.1784,10.789416415912637,5.975088099224747,11.307361815130939,0.725087039317203,1.4443400920568648,1.067234857795268,0.3904527761882812,-2.134883741721386,-0.2568257613585427,NA,NA,NA,NA,NA,NA,NA,NA,-8.932765142204731,-9.609547223811719,-12.134883741721385,-0.07842576135854268
Econ+Loc,10,10,10,reps,hindi,Glob,FALSE,stan_models/master_model.stan,hindi/reps/econ_10_loc_10_glob_10_rep35.csv,0.3854945694,12.194794071935705,8.859552704223894,6.040184996932082,-0.5945585281868516,-0.1784,2.1947940719357053,-1.1404472957761058,-3.9598150030679182,-0.4161585281868516,1.237606965737365,0.4568580088698788,-0.5049799641746474,0.9500276097814989,-0.21893022022320516,NA,NA,NA,NA,NA,NA,NA,NA,-9.54314199113012,-10.504979964174648,-9.049972390218501,-0.040530220223205154
Glob+Loc,10,10,10,reps,hindi,Econ,FALSE,stan_models/master_model.stan,hindi/reps/econ_10_loc_10_glob_10_rep36.csv,0.9447863623,13.08754354677229,8.80348587145531,-5.073638972668417,-0.628313427335173,-0.1784,3.08754354677229,-1.19651412854469,-15.073638972668416,-0.44991342733517303,0.8789572229558502,-0.20563806533242102,0.30325938133339764,4.8946575686951705,0.006589003187187191,NA,NA,NA,NA,NA,NA,NA,NA,-10.20563806533242,-9.696740618666603,-5.1053424313048295,0.1849890031871872
Econ,10,10,10,reps,hindi,Glob+Loc,FALSE,stan_models/master_model.stan,hindi/reps/econ_10_loc_10_glob_10_rep37.csv,0.839751236,13.988194045306773,11.022922064997593,3.123477222546431,-0.16613717565131847,-0.1784,3.9881940453067735,1.0229220649975925,-6.8765227774535695,0.012262824348681534,1.5363446747918383,1.0645119284604259,-0.39460457651158676,-1.701645642489843,-0.07521993305211179,NA,NA,NA,NA,NA,NA,NA,NA,-8.935488071539574,-10.394604576511586,-11.701645642489844,0.10318006694788821
Glob,10,10,10,reps,hindi,Econ+Loc,FALSE,stan_models/master_model.stan,hindi/reps/econ_10_loc_10_glob_10_rep38.csv,0.588339238,8.573259915730914,11.606012391116613,10.448695429401358,-0.056394843324534545,-0.1784,-1.4267400842690865,1.6060123911166126,0.44869542940135787,0.12200515667546546,1.430687568102679,-0.08202969994735547,0.22341138050800333,-0.4818447364425972,-0.11178970628457893,NA,NA,NA,NA,NA,NA,NA,NA,-10.082029699947356,-9.776588619491998,-10.481844736442596,0.06661029371542107
Loc,10,10,10,reps,hindi,Econ+Glob,FALSE,stan_models/master_model.stan,hindi/reps/econ_10_loc_10_glob_10_rep39.csv,0.639709822,15.171881658615924,7.117527873123844,-3.5210628131181263,-0.16336010495176975,-0.1784,5.1718816586159235,-2.8824721268761557,-13.521062813118126,0.01503989504823025,0.9652388685871113,-0.4457936867715213,-0.5062277450212062,4.521444667917158,-0.12430634124952195,NA,NA,NA,NA,NA,NA,NA,NA,-10.445793686771522,-10.506227745021206,-5.478555332082842,0.05409365875047806
NA,10,10,10,reps,hindi,Econ+Glob+Loc,FALSE,stan_models/master_neg.stan,hindi/reps/econ_10_loc_10_glob_10_rep40.csv,0.9465871909,12.56031356068125,3.0708085682629105,-8.903509452911166,-1.050370014614901,-0.1784,2.5603135606812497,-6.92919143173709,-18.903509452911166,-0.8719700146149011,1.6602854025811185,-0.1998601490332116,-1.2239308415603942,-0.7391451154561242,-0.21965942048839407,NA,NA,NA,NA,NA,NA,NA,NA,-10.199860149033212,-11.223930841560394,-10.739145115456123,-0.041259420488394066
Econ+Glob+Loc,10,10,10,reps,hindi,NA,TRUE,stan_models/master_pos.stan,hindi/reps/econ_10_loc_10_glob_10_rep41.csv,0.7869722514,9.596433488688735,10.597173560844336,20.06895800772049,-0.43758702333073307,-0.1784,-0.403566511311265,0.597173560844336,10.06895800772049,-0.25918702333073307,0.9619564725278649,0.8344056701424409,0.4644719916754723,1.9209295990682356,-0.1293476416433385,NA,NA,NA,NA,NA,NA,NA,NA,-9.165594329857559,-9.535528008324528,-8.079070400931764,0.049052358356661496
Econ+Glob,10,10,10,reps,hindi,Loc,FALSE,stan_models/master_model.stan,hindi/reps/econ_10_loc_10_glob_10_rep42.csv,0.3080597393,9.998244836276925,4.549720979577574,3.126870184750203,-0.06967145209846327,-0.1784,-0.0017551637230752704,-5.450279020422426,-6.873129815249797,0.10872854790153673,1.4443400920568648,1.067234857795268,0.3904527761882812,-2.134883741721386,-0.2568257613585427,NA,NA,NA,NA,NA,NA,NA,NA,-8.932765142204731,-9.609547223811719,-12.134883741721385,-0.07842576135854268
Econ+Loc,10,10,10,reps,hindi,Glob,FALSE,stan_models/master_model.stan,hindi/reps/econ_10_loc_10_glob_10_rep43.csv,0.7780468487,24.947273519824215,-2.9386382526797328,-17.093168590629883,0.6342394933568839,-0.1784,14.947273519824215,-12.938638252679732,-27.093168590629883,0.8126394933568839,1.237606965737365,0.4568580088698788,-0.5049799641746474,0.9500276097814989,-0.21893022022320516,NA,NA,NA,NA,NA,NA,NA,NA,-9.54314199113012,-10.504979964174648,-9.049972390218501,-0.040530220223205154
Glob+Loc,10,10,10,reps,hindi,Econ,FALSE,stan_models/master_model.stan,hindi/reps/econ_10_loc_10_glob_10_rep44.csv,0.09708252774,4.57973920202097,6.006093924469243,13.833209638973004,-0.9034781146747484,-0.1784,-5.42026079797903,-3.9939060755307567,3.8332096389730044,-0.7250781146747484,0.8789572229558502,-0.20563806533242102,0.30325938133339764,4.8946575686951705,0.006589003187187191,NA,NA,NA,NA,NA,NA,NA,NA,-10.20563806533242,-9.696740618666603,-5.1053424313048295,0.1849890031871872
Econ,10,10,10,reps,hindi,Glob+Loc,FALSE,stan_models/master_model.stan,hindi/reps/econ_10_loc_10_glob_10_rep45.csv,0.5652543552,9.093498000002496,8.746943517694785,13.327480071258192,-0.23850187145192292,-0.1784,-0.9065019999975039,-1.2530564823052153,3.327480071258192,-0.06010187145192292,1.5363446747918383,1.0645119284604259,-0.39460457651158676,-1.701645642489843,-0.07521993305211179,NA,NA,NA,NA,NA,NA,NA,NA,-8.935488071539574,-10.394604576511586,-11.701645642489844,0.10318006694788821
Glob,10,10,10,reps,hindi,Econ+Loc,FALSE,stan_models/master_model.stan,hindi/reps/econ_10_loc_10_glob_10_rep46.csv,0.3449885481,41.371058718675044,1.6876215884296926,-50.1214962898904,-0.2330965462942276,-0.1784,31.371058718675044,-8.312378411570307,-60.1214962898904,-0.0546965462942276,1.430687568102679,-0.08202969994735547,0.22341138050800333,-0.4818447364425972,-0.11178970628457893,NA,NA,NA,NA,NA,NA,NA,NA,-10.082029699947356,-9.776588619491998,-10.481844736442596,0.06661029371542107
Loc,10,10,10,reps,hindi,Econ+Glob,FALSE,stan_models/master_model.stan,hindi/reps/econ_10_loc_10_glob_10_rep47.csv,0.1808011342,12.920890090557622,18.512979020252363,17.5655396905268,-0.2956137443853392,-0.1784,2.920890090557622,8.512979020252363,7.565539690526801,-0.11721374438533921,0.9652388685871113,-0.4457936867715213,-0.5062277450212062,4.521444667917158,-0.12430634124952195,NA,NA,NA,NA,NA,NA,NA,NA,-10.445793686771522,-10.506227745021206,-5.478555332082842,0.05409365875047806
NA,10,10,10,reps,hindi,Econ+Glob+Loc,FALSE,stan_models/master_neg.stan,hindi/reps/econ_10_loc_10_glob_10_rep48.csv,0.06135760139,12.37838901586875,11.62190736240049,3.403751385775845,0.10855726916051693,-0.1784,2.37838901586875,1.6219073624004903,-6.596248614224155,0.28695726916051695,1.6602854025811185,-0.1998601490332116,-1.2239308415603942,-0.7391451154561242,-0.21965942048839407,NA,NA,NA,NA,NA,NA,NA,NA,-10.199860149033212,-11.223930841560394,-10.739145115456123,-0.041259420488394066
Econ+Glob+Loc,10,10,10,reps,hindi,NA,TRUE,stan_models/master_pos.stan,hindi/reps/econ_10_loc_10_glob_10_rep49.csv,0.2977575117,16.960691677972484,13.95474163993854,-7.135744911476081,0.11204498014421513,-0.1784,6.960691677972484,3.9547416399385398,-17.13574491147608,0.29044498014421516,0.9619564725278649,0.8344056701424409,0.4644719916754723,1.9209295990682356,-0.1293476416433385,NA,NA,NA,NA,NA,NA,NA,NA,-9.165594329857559,-9.535528008324528,-8.079070400931764,0.049052358356661496
Econ+Glob,10,10,10,reps,hindi,Loc,FALSE,stan_models/master_model.stan,hindi/reps/econ_10_loc_10_glob_10_rep50.csv,0.2573790247,10.417543233875158,15.051838186066988,19.15552557476918,-0.5497230628371343,-0.1784,0.4175432338751577,5.051838186066988,9.155525574769179,-0.37132306283713434,1.4443400920568648,1.067234857795268,0.3904527761882812,-2.134883741721386,-0.2568257613585427,NA,NA,NA,NA,NA,NA,NA,NA,-8.932765142204731,-9.609547223811719,-12.134883741721385,-0.07842576135854268
Econ+Loc,10,10,10,reps,hindi,Glob,FALSE,stan_models/master_model.stan,hindi/reps/econ_10_loc_10_glob_10_rep51.csv,0.5441666416,21.527896713753837,5.080441227009239,-30.695645246360947,0.22234606801535045,-0.1784,11.527896713753837,-4.919558772990761,-40.69564524636095,0.40074606801535045,1.237606965737365,0.4568580088698788,-0.5049799641746474,0.9500276097814989,-0.21893022022320516,NA,NA,NA,NA,NA,NA,NA,NA,-9.54314199113012,-10.504979964174648,-9.049972390218501,-0.040530220223205154
Glob+Loc,10,10,10,reps,hindi,Econ,FALSE,stan_models/master_model.stan,hindi/reps/econ_10_loc_10_glob_10_rep52.csv,0.1616048437,8.37141066232005,10.128217805866438,18.76600334704,-0.13449452007145288,-0.1784,-1.6285893376799496,0.12821780586643783,8.766003347040002,0.043905479928547125,0.8789572229558502,-0.20563806533242102,0.30325938133339764,4.8946575686951705,0.006589003187187191,NA,NA,NA,NA,NA,NA,NA,NA,-10.20563806533242,-9.696740618666603,-5.1053424313048295,0.1849890031871872
Econ,10,10,10,reps,hindi,Glob+Loc,FALSE,stan_models/master_model.stan,hindi/reps/econ_10_loc_10_glob_10_rep53.csv,0.8818617521,12.462747228554326,8.83206943799608,1.497490023320453,-0.17974297250049917,-0.1784,2.462747228554326,-1.1679305620039209,-8.502509976679548,-0.0013429725004991677,1.5363446747918383,1.0645119284604259,-0.39460457651158676,-1.701645642489843,-0.07521993305211179,NA,NA,NA,NA,NA,NA,NA,NA,-8.935488071539574,-10.394604576511586,-11.701645642489844,0.10318006694788821
Glob,10,10,10,reps,hindi,Econ+Loc,FALSE,stan_models/master_model.stan,hindi/reps/econ_10_loc_10_glob_10_rep54.csv,0.1195864197,21.236195922867747,-5.69174971369601,-14.757706426779771,-1.494303457194901,-0.1784,11.236195922867747,-15.691749713696009,-24.75770642677977,-1.315903457194901,1.430687568102679,-0.08202969994735547,0.22341138050800333,-0.4818447364425972,-0.11178970628457893,NA,NA,NA,NA,NA,NA,NA,NA,-10.082029699947356,-9.776588619491998,-10.481844736442596,0.06661029371542107
Loc,10,10,10,reps,hindi,Econ+Glob,FALSE,stan_models/master_model.stan,hindi/reps/econ_10_loc_10_glob_10_rep55.csv,0.9298047179,9.977396527713434,11.20201091256067,-2.1271767342937964,0.06914081072218577,-0.1784,-0.022603472286565562,1.2020109125606702,-12.127176734293796,0.24754081072218576,0.9652388685871113,-0.4457936867715213,-0.5062277450212062,4.521444667917158,-0.12430634124952195,NA,NA,NA,NA,NA,NA,NA,NA,-10.445793686771522,-10.506227745021206,-5.478555332082842,0.05409365875047806
NA,10,10,10,reps,hindi,Econ+Glob+Loc,FALSE,stan_models/master_neg.stan,hindi/reps/econ_10_loc_10_glob_10_rep56.csv,0.02816123811,46.793397898017766,13.220389182211983,-115.24068317791522,-0.60232670783350994,-0.1784,36.793397898017766,3.2203891822119832,-125.24068317791522,-0.42392670783350994,1.6602854025811185,-0.1998601490332116,-1.2239308415603942,-0.7391451154561242,-0.21965942048839407,NA,NA,NA,NA,NA,NA,NA,NA,-10.199860149033212,-11.223930841560394,-10.739145115456123,-0.041259420488394066
Econ+Glob+Loc,10,10,10,reps,hindi,NA,TRUE,stan_models/master_pos.stan,hindi/reps/econ_10_loc_10_glob_10_rep57.csv,0.05552245739,10.460335946384937,10.693421812090637,10.484908879926598,-0.7948409213083069,-0.1784,0.46033594638493724,0.6934218120906372,0.48490887992659815,-0.6164409213083069,0.9619564725278649,0.8344056701424409,0.4644719916754723,1.9209295990682356,-0.1293476416433385,NA,NA,NA,NA,NA,NA,NA,NA,-9.165594329857559,-9.535528008324528,-8.079070400931764,0.049052358356661496
Econ+Glob,10,10,10,reps,hindi,Loc,FALSE,stan_models/master_model.stan,hindi/reps/econ_10_loc_10_glob_10_rep58.csv,0.0610336382,9.361279470090317,11.889261652394069,7.665572937191112,-0.5587554035394964,-0.1784,-0.6387205299096834,1.8892616523940688,-2.3344270628088877,-0.3803554035394964,1.4443400920568648,1.067234857795268,0.3904527761882812,-2.134883741721386,-0.2568257613585427,NA,NA,NA,NA,NA,NA,NA,NA,-8.932765142204731,-9.609547223811719,-12.134883741721385,-0.07842576135854268
Econ+Loc,10,10,10,reps,hindi,Glob,FALSE,stan_models/master_model.stan,hindi/reps/econ_10_loc_10_glob_10_rep59.csv,0.773336346,9.34601106091096,3.560239587442867,4.225024261556834,0.6844550638389325,-0.1784,-0.6539889390890394,-6.439760412557133,-5.774975738443166,0.8628550638389325,1.237606965737365,0.4568580088698788,-0.5049799641746474,0.9500276097814989,-0.21893022022320516,NA,NA,NA,NA,NA,NA,NA,NA,-9.54314199113012,-10.504979964174648,-9.049972390218501,-0.040530220223205154
Glob+Loc,10,10,10,reps,hindi,Econ,FALSE,stan_models/master_model.stan,hindi/reps/econ_10_loc_10_glob_10_rep60.csv,0.6928230252,5.252794075998368,2.3917631233968817,15.71011339511386,0.04080266666026837,-0.1784,-4.747205924001632,-7.608236876603119,5.71011339511386,0.21920266666026839,0.8789572229558502,-0.20563806533242102,0.30325938133339764,4.8946575686951705,0.006589003187187191,NA,NA,NA,NA,NA,NA,NA,NA,-10.20563806533242,-9.696740618666603,-5.1053424313048295,0.1849890031871872
Econ,10,10,10,reps,hindi,Glob+Loc,FALSE,stan_models/master_model.stan,hindi/reps/econ_10_loc_10_glob_10_rep61.csv,0.2807184738,9.472547482315171,12.970281831967496,16.98644517148262,-0.3125914187884333,-0.1784,-0.5274525176848286,2.9702818319674957,6.986445171482622,-0.13419141878843327,1.5363446747918383,1.0645119284604259,-0.39460457651158676,-1.701645642489843,-0.07521993305211179,NA,NA,NA,NA,NA,NA,NA,NA,-8.935488071539574,-10.394604576511586,-11.701645642489844,0.10318006694788821
Glob,10,10,10,reps,hindi,Econ+Loc,FALSE,stan_models/master_model.stan,hindi/reps/econ_10_loc_10_glob_10_rep62.csv,0.4061119311,11.238774300211903,19.830215625513823,8.51101564312554,0.26233825550705603,-0.1784,1.2387743002119027,9.830215625513823,-1.4889843568744592,0.44073825550705603,1.430687568102679,-0.08202969994735547,0.22341138050800333,-0.4818447364425972,-0.11178970628457893,NA,NA,NA,NA,NA,NA,NA,NA,-10.082029699947356,-9.776588619491998,-10.481844736442596,0.06661029371542107
Loc,10,10,10,reps,hindi,Econ+Glob,FALSE,stan_models/master_model.stan,hindi/reps/econ_10_loc_10_glob_10_rep63.csv,0.4122496005,13.964476621953642,4.227658810711515,-23.535854314029024,-0.6118210455982299,-0.1784,3.964476621953642,-5.772341189288485,-33.535854314029024,-0.4334210455982299,0.9652388685871113,-0.4457936867715213,-0.5062277450212062,4.521444667917158,-0.12430634124952195,NA,NA,NA,NA,NA,NA,NA,NA,-10.445793686771522,-10.506227745021206,-5.478555332082842,0.05409365875047806
NA,10,10,10,reps,hindi,Econ+Glob+Loc,FALSE,stan_models/master_neg.stan,hindi/reps/econ_10_loc_10_glob_10_rep64.csv,0.8885045624,228.7611027283889,0.5317585919831546,-503.23702277736083,-0.4931786761270735,-0.1784,218.7611027283889,-9.468241408016846,-513.2370227773608,-0.3147786761270735,1.6602854025811185,-0.1998601490332116,-1.2239308415603942,-0.7391451154561242,-0.21965942048839407,NA,NA,NA,NA,NA,NA,NA,NA,-10.199860149033212,-11.223930841560394,-10.739145115456123,-0.041259420488394066
Econ+Glob+Loc,10,10,10,reps,hindi,NA,TRUE,stan_models/master_pos.stan,hindi/reps/econ_10_loc_10_glob_10_rep65.csv,0.8606066961,11.204214583806916,17.16073148108877,13.065114132032301,-0.3415611740949528,-0.1784,1.204214583806916,7.160731481088771,3.065114132032301,-0.1631611740949528,0.9619564725278649,0.8344056701424409,0.4644719916754723,1.9209295990682356,-0.1293476416433385,NA,NA,NA,NA,NA,NA,NA,NA,-9.165594329857559,-9.535528008324528,-8.079070400931764,0.049052358356661496
Econ+Glob,10,10,10,reps,hindi,Loc,FALSE,stan_models/master_model.stan,hindi/reps/econ_10_loc_10_glob_10_rep66.csv,0.2132920272,8.871285087448062,9.371346407997653,12.511397466859302,-0.3403068359240163,-0.1784,-1.1287149125519385,-0.6286535920023475,2.511397466859302,-0.16190683592401628,1.4443400920568648,1.067234857795268,0.3904527761882812,-2.134883741721386,-0.2568257613585427,NA,NA,NA,NA,NA,NA,NA,NA,-8.932765142204731,-9.609547223811719,-12.134883741721385,-0.07842576135854268
Econ+Loc,10,10,10,reps,hindi,Glob,FALSE,stan_models/master_model.stan,hindi/reps/econ_10_loc_10_glob_10_rep67.csv,0.9352051009,15.111081379922037,11.968900024332173,1.5365932904907995,-0.6296943785190705,-0.1784,5.111081379922037,1.9689000243321733,-8.4634067095092,-0.4512943785190705,1.237606965737365,0.4568580088698788,-0.5049799641746474,0.9500276097814989,-0.21893022022320516,NA,NA,NA,NA,NA,NA,NA,NA,-9.54314199113012,-10.504979964174648,-9.049972390218501,-0.040530220223205154
Glob+Loc,10,10,10,reps,hindi,Econ,FALSE,stan_models/master_model.stan,hindi/reps/econ_10_loc_10_glob_10_rep68.csv,0.900351899,15.21241178309997,11.760734291568514,2.7003538720155627,0.6865125056016805,-0.1784,5.21241178309997,1.7607342915685145,-7.299646127984437,0.8649125056016805,0.8789572229558502,-0.20563806533242102,0.30325938133339764,4.8946575686951705,0.006589003187187191,NA,NA,NA,NA,NA,NA,NA,NA,-10.20563806533242,-9.696740618666603,-5.1053424313048295,0.1849890031871872
Econ,10,10,10,reps,hindi,Glob+Loc,FALSE,stan_models/master_model.stan,hindi/reps/econ_10_loc_10_glob_10_rep69.csv,0.7372146145,13.161509394089911,13.878201083920029,15.416038003098777,-0.2985970626519099,-0.1784,3.1615093940899115,3.878201083920029,5.416038003098777,-0.12019706265190988,1.5363446747918383,1.0645119284604259,-0.39460457651158676,-1.701645642489843,-0.07521993305211179,NA,NA,NA,NA,NA,NA,NA,NA,-8.935488071539574,-10.394604576511586,-11.701645642489844,0.10318006694788821
Glob,10,10,10,reps,hindi,Econ+Loc,FALSE,stan_models/master_model.stan,hindi/reps/econ_10_loc_10_glob_10_rep70.csv,0.8910310326,8.942058238318284,12.916888682429075,13.892640115468128,-0.2519235907724741,-0.1784,-1.0579417616817164,2.916888682429075,3.8926401154681276,-0.07352359077247411,1.430687568102679,-0.08202969994735547,0.22341138050800333,-0.4818447364425972,-0.11178970628457893,NA,NA,NA,NA,NA,NA,NA,NA,-10.082029699947356,-9.776588619491998,-10.481844736442596,0.06661029371542107
Loc,10,10,10,reps,hindi,Econ+Glob,FALSE,stan_models/master_model.stan,hindi/reps/econ_10_loc_10_glob_10_rep71.csv,0.2006662954,10.429377971979417,6.918798354818015,-4.089530447969159,0.22506518588931645,-0.1784,0.42937797197941663,-3.0812016451819852,-14.08953044796916,0.40346518588931646,0.9652388685871113,-0.4457936867715213,-0.5062277450212062,4.521444667917158,-0.12430634124952195,NA,NA,NA,NA,NA,NA,NA,NA,-10.445793686771522,-10.506227745021206,-5.478555332082842,0.05409365875047806
NA,10,10,10,reps,hindi,Econ+Glob+Loc,FALSE,stan_models/master_neg.stan,hindi/reps/econ_10_loc_10_glob_10_rep72.csv,0.7317988063,3.7029356908907416,6.603499599010016,24.559688599321372,0.14225338370329021,-0.1784,-6.297064309109258,-3.396500400989984,14.559688599321372,0.3206533837032902,1.6602854025811185,-0.1998601490332116,-1.2239308415603942,-0.7391451154561242,-0.21965942048839407,NA,NA,NA,NA,NA,NA,NA,NA,-10.199860149033212,-11.223930841560394,-10.739145115456123,-0.041259420488394066
Econ+Glob+Loc,10,10,10,reps,hindi,NA,TRUE,stan_models/master_pos.stan,hindi/reps/econ_10_loc_10_glob_10_rep73.csv,0.4700039482,6.3436157327182094,4.413808550176716,8.558311331772606,-0.343360497476683,-0.1784,-3.6563842672817906,-5.586191449823284,-1.4416886682273944,-0.164960497476683,0.9619564725278649,0.8344056701424409,0.4644719916754723,1.9209295990682356,-0.1293476416433385,NA,NA,NA,NA,NA,NA,NA,NA,-9.165594329857559,-9.535528008324528,-8.079070400931764,0.049052358356661496
Econ+Glob,10,10,10,reps,hindi,Loc,FALSE,stan_models/master_model.stan,hindi/reps/econ_10_loc_10_glob_10_rep74.csv,0.5946096579,11.703067810331184,7.010122433682098,-7.034217793867841,-0.2010269169644445,-0.1784,1.7030678103311843,-2.989877566317902,-17.03421779386784,-0.022626916964444493,1.4443400920568648,1.067234857795268,0.3904527761882812,-2.134883741721386,-0.2568257613585427,NA,NA,NA,NA,NA,NA,NA,NA,-8.932765142204731,-9.609547223811719,-12.134883741721385,-0.07842576135854268
Econ+Loc,10,10,10,reps,hindi,Glob,FALSE,stan_models/master_model.stan,hindi/reps/econ_10_loc_10_glob_10_rep75.csv,0.3442306904,8.897658701398226,2.0006688977805522,-6.914254664645408,-0.5255673001575919,-0.1784,-1.1023412986017735,-7.999331102219448,-16.91425466464541,-0.3471673001575919,1.237606965737365,0.4568580088698788,-0.5049799641746474,0.9500276097814989,-0.21893022022320516,NA,NA,NA,NA,NA,NA,NA,NA,-9.54314199113012,-10.504979964174648,-9.049972390218501,-0.040530220223205154
Glob+Loc,10,10,10,reps,hindi,Econ,FALSE,stan_models/master_model.stan,hindi/reps/econ_10_loc_10_glob_10_rep76.csv,0.3552679738,13.662240444982366,12.043161811597136,2.0172752079828857,-0.4090335949317318,-0.1784,3.6622404449823662,2.0431618115971357,-7.982724792017114,-0.2306335949317318,0.8789572229558502,-0.20563806533242102,0.30325938133339764,4.8946575686951705,0.006589003187187191,NA,NA,NA,NA,NA,NA,NA,NA,-10.20563806533242,-9.696740618666603,-5.1053424313048295,0.1849890031871872
Econ,10,10,10,reps,hindi,Glob+Loc,FALSE,stan_models/master_model.stan,hindi/reps/econ_10_loc_10_glob_10_rep77.csv,0.8224783992,27.485372320316234,22.894860072053916,-25.264507519546925,-0.14572839381398311,-0.1784,17.485372320316234,12.894860072053916,-35.264507519546925,0.03267160618601689,1.5363446747918383,1.0645119284604259,-0.39460457651158676,-1.701645642489843,-0.07521993305211179,NA,NA,NA,NA,NA,NA,NA,NA,-8.935488071539574,-10.394604576511586,-11.701645642489844,0.10318006694788821
Glob,10,10,10,reps,hindi,Econ+Loc,FALSE,stan_models/master_model.stan,hindi/reps/econ_10_loc_10_glob_10_rep78.csv,0.3685387706,13.04947174165907,6.200333211837919,-5.497960138923421,-0.4394339804769015,-0.1784,3.0494717416590706,-3.7996667881620807,-15.497960138923421,-0.2610339804769015,1.430687568102679,-0.08202969994735547,0.22341138050800333,-0.4818447364425972,-0.11178970628457893,NA,NA,NA,NA,NA,NA,NA,NA,-10.082029699947356,-9.776588619491998,-10.481844736442596,0.06661029371542107
Loc,10,10,10,reps,hindi,Econ+Glob,FALSE,stan_models/master_model.stan,hindi/reps/econ_10_loc_10_glob_10_rep79.csv,0.6994626407,15.460110772301062,6.294402110804709,-19.96836186145876,0.08995128635935093,-0.1784,5.4601107723010625,-3.7055978891952908,-29.96836186145876,0.2683512863593509,0.9652388685871113,-0.4457936867715213,-0.5062277450212062,4.521444667917158,-0.12430634124952195,NA,NA,NA,NA,NA,NA,NA,NA,-10.445793686771522,-10.506227745021206,-5.478555332082842,0.05409365875047806
NA,10,10,10,reps,hindi,Econ+Glob+Loc,FALSE,stan_models/master_neg.stan,hindi/reps/econ_10_loc_10_glob_10_rep80.csv,0.1168315325,12.760289069030279,18.24586912899917,5.9196314147820175,0.10053148785162426,-0.1784,2.7602890690302786,8.245869128999171,-4.0803685852179825,0.27893148785162425,1.6602854025811185,-0.1998601490332116,-1.2239308415603942,-0.7391451154561242,-0.21965942048839407,NA,NA,NA,NA,NA,NA,NA,NA,-10.199860149033212,-11.223930841560394,-10.739145115456123,-0.041259420488394066
Econ+Glob+Loc,10,10,10,reps,hindi,NA,TRUE,stan_models/master_pos.stan,hindi/reps/econ_10_loc_10_glob_10_rep81.csv,0.2061816134,38.511349987016146,-15.86891532566768,-45.942576417766574,1.1315835608269507,-0.1784,28.511349987016146,-25.86891532566768,-55.942576417766574,1.3099835608269506,0.9619564725278649,0.8344056701424409,0.4644719916754723,1.9209295990682356,-0.1293476416433385,NA,NA,NA,NA,NA,NA,NA,NA,-9.165594329857559,-9.535528008324528,-8.079070400931764,0.049052358356661496
Econ+Glob,10,10,10,reps,hindi,Loc,FALSE,stan_models/master_model.stan,hindi/reps/econ_10_loc_10_glob_10_rep82.csv,0.2177305096,5.912871532880528,10.469709224730735,22.916892603774457,-0.4419432951261602,-0.1784,-4.087128467119472,0.4697092247307353,12.916892603774457,-0.2635432951261602,1.4443400920568648,1.067234857795268,0.3904527761882812,-2.134883741721386,-0.2568257613585427,NA,NA,NA,NA,NA,NA,NA,NA,-8.932765142204731,-9.609547223811719,-12.134883741721385,-0.07842576135854268
Econ+Loc,10,10,10,reps,hindi,Glob,FALSE,stan_models/master_model.stan,hindi/reps/econ_10_loc_10_glob_10_rep83.csv,0.4131026961,9.280545522232012,14.263266682021808,3.068691325606292,0.3080695691589135,-0.1784,-0.7194544777679877,4.263266682021808,-6.9313086743937085,0.4864695691589135,1.237606965737365,0.4568580088698788,-0.5049799641746474,0.9500276097814989,-0.21893022022320516,NA,NA,NA,NA,NA,NA,NA,NA,-9.54314199113012,-10.504979964174648,-9.049972390218501,-0.040530220223205154
Glob+Loc,10,10,10,reps,hindi,Econ,FALSE,stan_models/master_model.stan,hindi/reps/econ_10_loc_10_glob_10_rep84.csv,0.2541302177,7.12428848890213,11.414468488954228,31.075031653757705,0.1773457616857644,-0.1784,-2.8757115110978697,1.4144684889542276,21.075031653757705,0.35574576168576444,0.8789572229558502,-0.20563806533242102,0.30325938133339764,4.8946575686951705,0.006589003187187191,NA,NA,NA,NA,NA,NA,NA,NA,-10.20563806533242,-9.696740618666603,-5.1053424313048295,0.1849890031871872
Econ,10,10,10,reps,hindi,Glob+Loc,FALSE,stan_models/master_model.stan,hindi/reps/econ_10_loc_10_glob_10_rep85.csv,0.8231928494,8.797916236042923,7.228914193117778,-6.852049182721157,-0.13705993485983414,-0.1784,-1.2020837639570772,-2.7710858068822217,-16.852049182721156,0.04134006514016586,1.5363446747918383,1.0645119284604259,-0.39460457651158676,-1.701645642489843,-0.07521993305211179,NA,NA,NA,NA,NA,NA,NA,NA,-8.935488071539574,-10.394604576511586,-11.701645642489844,0.10318006694788821
Glob,10,10,10,reps,hindi,Econ+Loc,FALSE,stan_models/master_model.stan,hindi/reps/econ_10_loc_10_glob_10_rep86.csv,0.2807952199,18.071546343550594,6.374539757842995,-9.252708293321602,-0.24501023673907832,-0.1784,8.071546343550594,-3.625460242157005,-19.252708293321604,-0.06661023673907832,1.430687568102679,-0.08202969994735547,0.22341138050800333,-0.4818447364425972,-0.11178970628457893,NA,NA,NA,NA,NA,NA,NA,NA,-10.082029699947356,-9.776588619491998,-10.481844736442596,0.06661029371542107
Loc,10,10,10,reps,hindi,Econ+Glob,FALSE,stan_models/master_model.stan,hindi/reps/econ_10_loc_10_glob_10_rep87.csv,0.9541225474,6.502273647230799,5.793596135409431,5.977345609539177,-0.31886346493353906,-0.1784,-3.4977263527692006,-4.206403864590569,-4.022654390460823,-0.14046346493353906,0.9652388685871113,-0.4457936867715213,-0.5062277450212062,4.521444667917158,-0.12430634124952195,NA,NA,NA,NA,NA,NA,NA,NA,-10.445793686771522,-10.506227745021206,-5.478555332082842,0.05409365875047806
NA,10,10,10,reps,hindi,Econ+Glob+Loc,FALSE,stan_models/master_neg.stan,hindi/reps/econ_10_loc_10_glob_10_rep88.csv,0.7162866369,10.653327904988686,21.33732744948826,35.04782600174557,1.0589402535822188,-0.1784,0.6533279049886858,11.33732744948826,25.04782600174557,1.2373402535822189,1.6602854025811185,-0.1998601490332116,-1.2239308415603942,-0.7391451154561242,-0.21965942048839407,NA,NA,NA,NA,NA,NA,NA,NA,-10.199860149033212,-11.223930841560394,-10.739145115456123,-0.041259420488394066
Econ+Glob+Loc,10,10,10,reps,hindi,NA,TRUE,stan_models/master_pos.stan,hindi/reps/econ_10_loc_10_glob_10_rep89.csv,0.4356468498,9.128698115244102,14.44795582500784,35.00085607961167,0.08181990719085029,-0.1784,-0.8713018847558978,4.44795582500784,25.000856079611673,0.2602199071908503,0.9619564725278649,0.8344056701424409,0.4644719916754723,1.9209295990682356,-0.1293476416433385,NA,NA,NA,NA,NA,NA,NA,NA,-9.165594329857559,-9.535528008324528,-8.079070400931764,0.049052358356661496
Econ+Glob,10,10,10,reps,hindi,Loc,FALSE,stan_models/master_model.stan,hindi/reps/econ_10_loc_10_glob_10_rep90.csv,0.6464526052,10.316715610186879,4.596777190229163,-12.015724699220552,-0.95200968389272,-0.1784,0.3167156101868791,-5.403222809770837,-22.015724699220552,-0.77360968389272,1.4443400920568648,1.067234857795268,0.3904527761882812,-2.134883741721386,-0.2568257613585427,NA,NA,NA,NA,NA,NA,NA,NA,-8.932765142204731,-9.609547223811719,-12.134883741721385,-0.07842576135854268
Econ+Loc,10,10,10,reps,hindi,Glob,FALSE,stan_models/master_model.stan,hindi/reps/econ_10_loc_10_glob_10_rep91.csv,0.3425670132,10.953984732289342,7.613405264559525,-8.243703500832225,-0.5119035837175455,-0.1784,0.9539847322893422,-2.3865947354404753,-18.243703500832225,-0.3335035837175455,1.237606965737365,0.4568580088698788,-0.5049799641746474,0.9500276097814989,-0.21893022022320516,NA,NA,NA,NA,NA,NA,NA,NA,-9.54314199113012,-10.504979964174648,-9.049972390218501,-0.040530220223205154
Glob+Loc,10,10,10,reps,hindi,Econ,FALSE,stan_models/master_model.stan,hindi/reps/econ_10_loc_10_glob_10_rep92.csv,0.936066521,7.466482274243113,8.695274688595122,0.9950013868899502,0.6346633069902045,-0.1784,-2.5335177257568873,-1.3047253114048782,-9.00499861311005,0.8130633069902045,0.8789572229558502,-0.20563806533242102,0.30325938133339764,4.8946575686951705,0.006589003187187191,NA,NA,NA,NA,NA,NA,NA,NA,-10.20563806533242,-9.696740618666603,-5.1053424313048295,0.1849890031871872
Econ,10,10,10,reps,hindi,Glob+Loc,FALSE,stan_models/master_model.stan,hindi/reps/econ_10_loc_10_glob_10_rep93.csv,0.1825746281,17.32372159567779,0.5158298697602084,-25.13506378759271,-0.19464868838340943,-0.1784,7.323721595677789,-9.484170130239791,-35.13506378759271,-0.016248688383409426,1.5363446747918383,1.0645119284604259,-0.39460457651158676,-1.701645642489843,-0.07521993305211179,NA,NA,NA,NA,NA,NA,NA,NA,-8.935488071539574,-10.394604576511586,-11.701645642489844,0.10318006694788821
Glob,10,10,10,reps,hindi,Econ+Loc,FALSE,stan_models/master_model.stan,hindi/reps/econ_10_loc_10_glob_10_rep94.csv,0.6483968071,14.200600570912473,22.466362557818094,31.8486249196141,-0.07621512244663468,-0.1784,4.2006005709124725,12.466362557818094,21.8486249196141,0.10218487755336532,1.430687568102679,-0.08202969994735547,0.22341138050800333,-0.4818447364425972,-0.11178970628457893,NA,NA,NA,NA,NA,NA,NA,NA,-10.082029699947356,-9.776588619491998,-10.481844736442596,0.06661029371542107
Loc,10,10,10,reps,hindi,Econ+Glob,FALSE,stan_models/master_model.stan,hindi/reps/econ_10_loc_10_glob_10_rep95.csv,0.3358498475,12.634008673130682,13.656621538527553,3.797487058875348,0.11555034597976688,-0.1784,2.6340086731306815,3.6566215385275527,-6.2025129411246525,0.2939503459797669,0.9652388685871113,-0.4457936867715213,-0.5062277450212062,4.521444667917158,-0.12430634124952195,NA,NA,NA,NA,NA,NA,NA,NA,-10.445793686771522,-10.506227745021206,-5.478555332082842,0.05409365875047806
NA,10,10,10,reps,hindi,Econ+Glob+Loc,FALSE,stan_models/master_neg.stan,hindi/reps/econ_10_loc_10_glob_10_rep96.csv,0.7031739075,14.067986390729486,13.181091760088295,0.4879551289142983,0.3437897720366835,-0.1784,4.0679863907294855,3.181091760088295,-9.5120448710857,0.5221897720366835,1.6602854025811185,-0.1998601490332116,-1.2239308415603942,-0.7391451154561242,-0.21965942048839407,NA,NA,NA,NA,NA,NA,NA,NA,-10.199860149033212,-11.223930841560394,-10.739145115456123,-0.041259420488394066
Econ+Glob+Loc,10,10,10,reps,hindi,NA,TRUE,stan_models/master_pos.stan,hindi/reps/econ_10_loc_10_glob_10_rep97.csv,0.4020949568,7.319962183429386,11.774993971990638,13.514420895425433,-0.07843563534156915,-0.1784,-2.6800378165706142,1.7749939719906376,3.514420895425433,0.09996436465843085,0.9619564725278649,0.8344056701424409,0.4644719916754723,1.9209295990682356,-0.1293476416433385,NA,NA,NA,NA,NA,NA,NA,NA,-9.165594329857559,-9.535528008324528,-8.079070400931764,0.049052358356661496
Econ+Glob,10,10,10,reps,hindi,Loc,FALSE,stan_models/master_model.stan,hindi/reps/econ_10_loc_10_glob_10_rep98.csv,0.6383615053,10.278335191865162,13.843130049891707,23.713468860376658,-0.4989867336418809,-0.1784,0.2783351918651622,3.843130049891707,13.713468860376658,-0.3205867336418809,1.4443400920568648,1.067234857795268,0.3904527761882812,-2.134883741721386,-0.2568257613585427,NA,NA,NA,NA,NA,NA,NA,NA,-8.932765142204731,-9.609547223811719,-12.134883741721385,-0.07842576135854268
Econ+Loc,10,10,10,reps,hindi,Glob,FALSE,stan_models/master_model.stan,hindi/reps/econ_10_loc_10_glob_10_rep99.csv,0.06309778003,10.833150150431564,20.021326645656977,23.182565172261857,0.3491991443469308,-0.1784,0.8331501504315639,10.021326645656977,13.182565172261857,0.5275991443469308,1.237606965737365,0.4568580088698788,-0.5049799641746474,0.9500276097814989,-0.21893022022320516,NA,NA,NA,NA,NA,NA,NA,NA,-9.54314199113012,-10.504979964174648,-9.049972390218501,-0.040530220223205154
Econ+Glob+Loc,10,10,10,reps,hindi,NA,FALSE,stan_models/master_pos.stan,hindi/reps/econ_1_loc_0_glob_-1_rep1.csv,0.4121427082,1.1670333147561465,-0.2181023417056819,-1.844185238448818,-0.17393137263532216,-0.1784,-8.832966685243854,-10.218102341705682,-11.844185238448818,0.004468627364677846,0.9619564725278649,0.8344056701424409,0.4644719916754723,1.9209295990682356,-0.1293476416433385,NA,NA,NA,NA,NA,NA,NA,NA,-9.165594329857559,-9.535528008324528,-8.079070400931764,0.049052358356661496
Econ+Glob,10,10,10,reps,hindi,Loc,FALSE,stan_models/master_model.stan,hindi/reps/econ_1_loc_0_glob_-1_rep2.csv,0.7863626993,1.9603379221831272,1.1660471490572086,-2.3443527589619952,-0.3376789249060012,-0.1784,-8.039662077816873,-8.833952850942792,-12.344352758961996,-0.1592789249060012,1.4443400920568648,1.067234857795268,0.3904527761882812,-2.134883741721386,-0.2568257613585427,NA,NA,NA,NA,NA,NA,NA,NA,-8.932765142204731,-9.609547223811719,-12.134883741721385,-0.07842576135854268
Econ+Loc,10,10,10,reps,hindi,Glob,FALSE,stan_models/master_model.stan,hindi/reps/econ_1_loc_0_glob_-1_rep3.csv,0.9072765279,0.6454146838677449,-0.37092113769172813,-1.527194573348669,-0.07867366446715439,-0.1784,-9.354585316132255,-10.370921137691727,-11.52719457334867,0.09972633553284561,1.237606965737365,0.4568580088698788,-0.5049799641746474,0.9500276097814989,-0.21893022022320516,NA,NA,NA,NA,NA,NA,NA,NA,-9.54314199113012,-10.504979964174648,-9.049972390218501,-0.040530220223205154
Glob+Loc,10,10,10,reps,hindi,Econ,FALSE,stan_models/master_model.stan,hindi/reps/econ_1_loc_0_glob_-1_rep4.csv,0.9984822225,1.042357338517285,1.3278439050896595,0.32851669216692114,-0.09206199580665858,-0.1784,-8.957642661482716,-8.67215609491034,-9.671483307833078,0.08633800419334142,0.8789572229558502,-0.20563806533242102,0.30325938133339764,4.8946575686951705,0.006589003187187191,NA,NA,NA,NA,NA,NA,NA,NA,-10.20563806533242,-9.696740618666603,-5.1053424313048295,0.1849890031871872
Econ,10,10,10,reps,hindi,Glob+Loc,TRUE,stan_models/master_model.stan,hindi/reps/econ_1_loc_0_glob_-1_rep5.csv,0.4259295605,1.5090005866553606,0.22285854441033517,-2.1149609064570205,-0.32777631348523556,-0.1784,-8.490999413344639,-9.777141455589664,-12.114960906457021,-0.14937631348523556,1.5363446747918383,1.0645119284604259,-0.39460457651158676,-1.701645642489843,-0.07521993305211179,NA,NA,NA,NA,NA,NA,NA,NA,-8.935488071539574,-10.394604576511586,-11.701645642489844,0.10318006694788821
Glob,10,10,10,reps,hindi,Econ+Loc,FALSE,stan_models/master_model.stan,hindi/reps/econ_1_loc_0_glob_-1_rep6.csv,0.8774316459,1.4854885872742694,0.47209605449575004,-2.252134463054569,-0.13635710459813663,-0.1784,-8.514511412725732,-9.52790394550425,-12.252134463054569,0.04204289540186337,1.430687568102679,-0.08202969994735547,0.22341138050800333,-0.4818447364425972,-0.11178970628457893,NA,NA,NA,NA,NA,NA,NA,NA,-10.082029699947356,-9.776588619491998,-10.481844736442596,0.06661029371542107
Loc,10,10,10,reps,hindi,Econ+Glob,FALSE,stan_models/master_model.stan,hindi/reps/econ_1_loc_0_glob_-1_rep7.csv,0.9377332029,1.514019137769124,0.4960033193061372,-2.4501442730570298,-0.09502378746241195,-0.1784,-8.485980862230877,-9.503996680693863,-12.45014427305703,0.08337621253758805,0.9652388685871113,-0.4457936867715213,-0.5062277450212062,4.521444667917158,-0.12430634124952195,NA,NA,NA,NA,NA,NA,NA,NA,-10.445793686771522,-10.506227745021206,-5.478555332082842,0.05409365875047806
NA,10,10,10,reps,hindi,Econ+Glob+Loc,FALSE,stan_models/master_neg.stan,hindi/reps/econ_1_loc_0_glob_-1_rep8.csv,0.1150229001,0.9668085688845731,0.010392383433903146,-1.5545322413992424,-0.2787175873594588,-0.1784,-9.033191431115426,-9.989607616566097,-11.554532241399242,-0.10031758735945878,1.6602854025811185,-0.1998601490332116,-1.2239308415603942,-0.7391451154561242,-0.21965942048839407,NA,NA,NA,NA,NA,NA,NA,NA,-10.199860149033212,-11.223930841560394,-10.739145115456123,-0.041259420488394066
Econ+Glob+Loc,10,10,10,reps,hindi,NA,FALSE,stan_models/master_pos.stan,hindi/reps/econ_1_loc_0_glob_-1_rep9.csv,0.2036187859,1.5081426125157478,0.8511849993064599,-1.2843595846042448,-0.09450007689637878,-0.1784,-8.491857387484252,-9.14881500069354,-11.284359584604244,0.08389992310362122,0.9619564725278649,0.8344056701424409,0.4644719916754723,1.9209295990682356,-0.1293476416433385,NA,NA,NA,NA,NA,NA,NA,NA,-9.165594329857559,-9.535528008324528,-8.079070400931764,0.049052358356661496
Econ+Glob,10,10,10,reps,hindi,Loc,FALSE,stan_models/master_model.stan,hindi/reps/econ_1_loc_0_glob_-1_rep10.csv,0.2193090102,0.845350705803818,0.6452897552680721,1.7107725549543458,-0.19065441068415956,-0.1784,-9.154649294196181,-9.354710244731928,-8.289227445045654,-0.012254410684159556,1.4443400920568648,1.067234857795268,0.3904527761882812,-2.134883741721386,-0.2568257613585427,NA,NA,NA,NA,NA,NA,NA,NA,-8.932765142204731,-9.609547223811719,-12.134883741721385,-0.07842576135854268
Econ+Loc,10,10,10,reps,hindi,Glob,FALSE,stan_models/master_model.stan,hindi/reps/econ_1_loc_0_glob_-1_rep11.csv,0.4532559655,0.02802725737053982,0.32362407454438147,3.9801410051834623,-0.1911794047369871,-0.1784,-9.97197274262946,-9.676375925455618,-6.019858994816538,-0.012779404736987104,1.237606965737365,0.4568580088698788,-0.5049799641746474,0.9500276097814989,-0.21893022022320516,NA,NA,NA,NA,NA,NA,NA,NA,-9.54314199113012,-10.504979964174648,-9.049972390218501,-0.040530220223205154
Glob+Loc,10,10,10,reps,hindi,Econ,FALSE,stan_models/master_model.stan,hindi/reps/econ_1_loc_0_glob_-1_rep12.csv,0.6880876668,0.2931868492997031,-0.9323858243352209,0.631913767244446,-0.09268925180384587,-0.1784,-9.706813150700297,-10.93238582433522,-9.368086232755553,0.08571074819615414,0.8789572229558502,-0.20563806533242102,0.30325938133339764,4.8946575686951705,0.006589003187187191,NA,NA,NA,NA,NA,NA,NA,NA,-10.20563806533242,-9.696740618666603,-5.1053424313048295,0.1849890031871872
Econ,10,10,10,reps,hindi,Glob+Loc,TRUE,stan_models/master_model.stan,hindi/reps/econ_1_loc_0_glob_-1_rep13.csv,0.532133083,0.5994815311165264,-0.03545331363550379,1.6124500111880062,-0.2345061547442648,-0.1784,-9.400518468883474,-10.035453313635504,-8.387549988811994,-0.05610615474426481,1.5363446747918383,1.0645119284604259,-0.39460457651158676,-1.701645642489843,-0.07521993305211179,NA,NA,NA,NA,NA,NA,NA,NA,-8.935488071539574,-10.394604576511586,-11.701645642489844,0.10318006694788821
Glob,10,10,10,reps,hindi,Econ+Loc,FALSE,stan_models/master_model.stan,hindi/reps/econ_1_loc_0_glob_-1_rep14.csv,0.7014861526,0.8999583993378585,0.8105174843203883,0.9737971860261811,-0.19031089483356187,-0.1784,-9.100041600662141,-9.189482515679611,-9.02620281397382,-0.011910894833561864,1.430687568102679,-0.08202969994735547,0.22341138050800333,-0.4818447364425972,-0.11178970628457893,NA,NA,NA,NA,NA,NA,NA,NA,-10.082029699947356,-9.776588619491998,-10.481844736442596,0.06661029371542107
Loc,10,10,10,reps,hindi,Econ+Glob,FALSE,stan_models/master_model.stan,hindi/reps/econ_1_loc_0_glob_-1_rep15.csv,0.3718017595,0.7354052377697224,0.10893235533970042,-1.2419085749265932,-0.25023698377017034,-0.1784,-9.264594762230278,-9.8910676446603,-11.241908574926594,-0.07183698377017034,0.9652388685871113,-0.4457936867715213,-0.5062277450212062,4.521444667917158,-0.12430634124952195,NA,NA,NA,NA,NA,NA,NA,NA,-10.445793686771522,-10.506227745021206,-5.478555332082842,0.05409365875047806
NA,10,10,10,reps,hindi,Econ+Glob+Loc,FALSE,stan_models/master_neg.stan,hindi/reps/econ_1_loc_0_glob_-1_rep16.csv,0.7633895039,0.8316378150654109,-0.4598634536205609,-0.4041494413388533,-0.15971644717302516,-0.1784,-9.168362184934589,-10.45986345362056,-10.404149441338854,0.018683552826974842,1.6602854025811185,-0.1998601490332116,-1.2239308415603942,-0.7391451154561242,-0.21965942048839407,NA,NA,NA,NA,NA,NA,NA,NA,-10.199860149033212,-11.223930841560394,-10.739145115456123,-0.041259420488394066
Econ+Glob+Loc,10,10,10,reps,hindi,NA,FALSE,stan_models/master_pos.stan,hindi/reps/econ_1_loc_0_glob_-1_rep17.csv,0.2744774104,1.166775907939321,0.16399370800210272,-0.4921989471287193,-0.19127867220094044,-0.1784,-8.833224092060679,-9.836006291997897,-10.492198947128719,-0.012878672200940439,0.9619564725278649,0.8344056701424409,0.4644719916754723,1.9209295990682356,-0.1293476416433385,NA,NA,NA,NA,NA,NA,NA,NA,-9.165594329857559,-9.535528008324528,-8.079070400931764,0.049052358356661496
Econ+Glob,10,10,10,reps,hindi,Loc,FALSE,stan_models/master_model.stan,hindi/reps/econ_1_loc_0_glob_-1_rep18.csv,0.5819515269,1.2816717508504867,0.21774499066645545,-2.916228035806146,-0.19430101375457767,-0.1784,-8.718328249149513,-9.782255009333545,-12.916228035806146,-0.01590101375457767,1.4443400920568648,1.067234857795268,0.3904527761882812,-2.134883741721386,-0.2568257613585427,NA,NA,NA,NA,NA,NA,NA,NA,-8.932765142204731,-9.609547223811719,-12.134883741721385,-0.07842576135854268
Econ+Loc,10,10,10,reps,hindi,Glob,FALSE,stan_models/master_model.stan,hindi/reps/econ_1_loc_0_glob_-1_rep19.csv,0.9680470275,0.9370959050728722,0.30975581657805973,-1.7283437397453334,-0.03899799605547291,-0.1784,-9.062904094927127,-9.69024418342194,-11.728343739745334,0.1394020039445271,1.237606965737365,0.4568580088698788,-0.5049799641746474,0.9500276097814989,-0.21893022022320516,NA,NA,NA,NA,NA,NA,NA,NA,-9.54314199113012,-10.504979964174648,-9.049972390218501,-0.040530220223205154
Glob+Loc,10,10,10,reps,hindi,Econ,FALSE,stan_models/master_model.stan,hindi/reps/econ_1_loc_0_glob_-1_rep20.csv,0.8457885639,0.3407856966324054,-0.6458697482738116,0.7784834340475593,-0.07398445856530862,-0.1784,-9.659214303367595,-10.645869748273812,-9.221516565952442,0.10441554143469138,0.8789572229558502,-0.20563806533242102,0.30325938133339764,4.8946575686951705,0.006589003187187191,NA,NA,NA,NA,NA,NA,NA,NA,-10.20563806533242,-9.696740618666603,-5.1053424313048295,0.1849890031871872
Econ,10,10,10,reps,hindi,Glob+Loc,TRUE,stan_models/master_model.stan,hindi/reps/econ_1_loc_0_glob_-1_rep21.csv,0.9013298689,1.4094800567551804,-0.3832623593224002,-6.6287499452272,-0.19199949140090447,-0.1784,-8.59051994324482,-10.3832623593224,-16.6287499452272,-0.013599491400904468,1.5363446747918383,1.0645119284604259,-0.39460457651158676,-1.701645642489843,-0.07521993305211179,NA,NA,NA,NA,NA,NA,NA,NA,-8.935488071539574,-10.394604576511586,-11.701645642489844,0.10318006694788821
Glob,10,10,10,reps,hindi,Econ+Loc,FALSE,stan_models/master_model.stan,hindi/reps/econ_1_loc_0_glob_-1_rep22.csv,0.9328511698,0.3775557594400329,-0.6533063812033064,-0.8707139121376998,-0.13510698980402033,-0.1784,-9.622444240559966,-10.653306381203306,-10.870713912137699,0.04329301019597967,1.430687568102679,-0.08202969994735547,0.22341138050800333,-0.4818447364425972,-0.11178970628457893,NA,NA,NA,NA,NA,NA,NA,NA,-10.082029699947356,-9.776588619491998,-10.481844736442596,0.06661029371542107
Loc,10,10,10,reps,hindi,Econ+Glob,FALSE,stan_models/master_model.stan,hindi/reps/econ_1_loc_0_glob_-1_rep23.csv,0.5920186681,1.343461134780357,0.9753185986448684,-1.9951760146786137,-0.15892733168061482,-0.1784,-8.656538865219643,-9.024681401355132,-11.995176014678613,0.019472668319385183,0.9652388685871113,-0.4457936867715213,-0.5062277450212062,4.521444667917158,-0.12430634124952195,NA,NA,NA,NA,NA,NA,NA,NA,-10.445793686771522,-10.506227745021206,-5.478555332082842,0.05409365875047806
NA,10,10,10,reps,hindi,Econ+Glob+Loc,FALSE,stan_models/master_neg.stan,hindi/reps/econ_1_loc_0_glob_-1_rep24.csv,0.3813163729,1.0578914442383476,0.5110358578021134,-1.194981492267438,-0.12378748193106671,-0.1784,-8.942108555761653,-9.488964142197887,-11.194981492267438,0.05461251806893329,1.6602854025811185,-0.1998601490332116,-1.2239308415603942,-0.7391451154561242,-0.21965942048839407,NA,NA,NA,NA,NA,NA,NA,NA,-10.199860149033212,-11.223930841560394,-10.739145115456123,-0.041259420488394066
Econ+Glob+Loc,10,10,10,reps,hindi,NA,FALSE,stan_models/master_pos.stan,hindi/reps/econ_1_loc_0_glob_-1_rep25.csv,0.7025275965,1.1187788990548537,-0.46490097170410816,-3.927878705585026,-0.28283729887448805,-0.1784,-8.881221100945146,-10.464900971704107,-13.927878705585027,-0.10443729887448805,0.9619564725278649,0.8344056701424409,0.4644719916754723,1.9209295990682356,-0.1293476416433385,NA,NA,NA,NA,NA,NA,NA,NA,-9.165594329857559,-9.535528008324528,-8.079070400931764,0.049052358356661496
Econ+Glob,10,10,10,reps,hindi,Loc,FALSE,stan_models/master_model.stan,hindi/reps/econ_1_loc_0_glob_-1_rep26.csv,0.1227817837,0.7511569146830103,-0.10293439943163198,-0.8260423932573804,-0.16640597051725645,-0.1784,-9.24884308531699,-10.102934399431632,-10.82604239325738,0.011994029482743557,1.4443400920568648,1.067234857795268,0.3904527761882812,-2.134883741721386,-0.2568257613585427,NA,NA,NA,NA,NA,NA,NA,NA,-8.932765142204731,-9.609547223811719,-12.134883741721385,-0.07842576135854268
Econ+Loc,10,10,10,reps,hindi,Glob,FALSE,stan_models/master_model.stan,hindi/reps/econ_1_loc_0_glob_-1_rep27.csv,0.7398653706,0.6119674863134441,-0.2670525404164605,-1.19872629629803,-0.19773177933224675,-0.1784,-9.388032513686555,-10.26705254041646,-11.19872629629803,-0.01933177933224675,1.237606965737365,0.4568580088698788,-0.5049799641746474,0.9500276097814989,-0.21893022022320516,NA,NA,NA,NA,NA,NA,NA,NA,-9.54314199113012,-10.504979964174648,-9.049972390218501,-0.040530220223205154
Glob+Loc,10,10,10,reps,hindi,Econ,FALSE,stan_models/master_model.stan,hindi/reps/econ_1_loc_0_glob_-1_rep28.csv,0.2114667599,0.1382634577767253,0.05113708989644181,1.7805362870756973,-0.1058257433925095,-0.1784,-9.861736542223275,-9.948862910103559,-8.219463712924302,0.0725742566074905,0.8789572229558502,-0.20563806533242102,0.30325938133339764,4.8946575686951705,0.006589003187187191,NA,NA,NA,NA,NA,NA,NA,NA,-10.20563806533242,-9.696740618666603,-5.1053424313048295,0.1849890031871872
Econ,10,10,10,reps,hindi,Glob+Loc,TRUE,stan_models/master_model.stan,hindi/reps/econ_1_loc_0_glob_-1_rep29.csv,0.3262504601,0.5363072220626217,-0.4618581743173366,1.260448352614774,-0.386493632553027,-0.1784,-9.463692777937379,-10.461858174317337,-8.739551647385227,-0.20809363255302699,1.5363446747918383,1.0645119284604259,-0.39460457651158676,-1.701645642489843,-0.07521993305211179,NA,NA,NA,NA,NA,NA,NA,NA,-8.935488071539574,-10.394604576511586,-11.701645642489844,0.10318006694788821
Glob,10,10,10,reps,hindi,Econ+Loc,FALSE,stan_models/master_model.stan,hindi/reps/econ_1_loc_0_glob_-1_rep30.csv,0.9909489035,1.2019623981829823,-1.030049103399899,-4.0601288674783875,-0.1515026222431907,-0.1784,-8.798037601817018,-11.030049103399898,-14.060128867478387,0.02689737775680931,1.430687568102679,-0.08202969994735547,0.22341138050800333,-0.4818447364425972,-0.11178970628457893,NA,NA,NA,NA,NA,NA,NA,NA,-10.082029699947356,-9.776588619491998,-10.481844736442596,0.06661029371542107
Loc,10,10,10,reps,hindi,Econ+Glob,FALSE,stan_models/master_model.stan,hindi/reps/econ_1_loc_0_glob_-1_rep31.csv,0.1903596445,1.5795874574346251,0.38419047352371793,-2.1138861615587103,-0.19635778653156533,-0.1784,-8.420412542565375,-9.615809526476282,-12.11388616155871,-0.017957786531565323,0.9652388685871113,-0.4457936867715213,-0.5062277450212062,4.521444667917158,-0.12430634124952195,NA,NA,NA,NA,NA,NA,NA,NA,-10.445793686771522,-10.506227745021206,-5.478555332082842,0.05409365875047806
NA,10,10,10,reps,hindi,Econ+Glob+Loc,FALSE,stan_models/master_neg.stan,hindi/reps/econ_1_loc_0_glob_-1_rep32.csv,0.8704049476,1.091668046805655,0.8322584287808741,1.4562500949304813,-0.17283612054972877,-0.1784,-8.908331953194345,-9.167741571219127,-8.543749905069518,0.005563879450271231,1.6602854025811185,-0.1998601490332116,-1.2239308415603942,-0.7391451154561242,-0.21965942048839407,NA,NA,NA,NA,NA,NA,NA,NA,-10.199860149033212,-11.223930841560394,-10.739145115456123,-0.041259420488394066
Econ+Glob+Loc,10,10,10,reps,hindi,NA,FALSE,stan_models/master_pos.stan,hindi/reps/econ_1_loc_0_glob_-1_rep33.csv,0.8453708448,0.5902966696662444,0.7357089771078639,2.4129268350180277,-0.26123151638938424,-0.1784,-9.409703330333755,-9.264291022892136,-7.587073164981972,-0.08283151638938424,0.9619564725278649,0.8344056701424409,0.4644719916754723,1.9209295990682356,-0.1293476416433385,NA,NA,NA,NA,NA,NA,NA,NA,-9.165594329857559,-9.535528008324528,-8.079070400931764,0.049052358356661496
Econ+Glob,10,10,10,reps,hindi,Loc,FALSE,stan_models/master_model.stan,hindi/reps/econ_1_loc_0_glob_-1_rep34.csv,0.7713720296,1.2566368728318469,-0.4647481345173223,-1.993337052116346,-0.21255317380856878,-0.1784,-8.743363127168154,-10.464748134517322,-11.993337052116345,-0.034153173808568776,1.4443400920568648,1.067234857795268,0.3904527761882812,-2.134883741721386,-0.2568257613585427,NA,NA,NA,NA,NA,NA,NA,NA,-8.932765142204731,-9.609547223811719,-12.134883741721385,-0.07842576135854268
Econ+Loc,10,10,10,reps,hindi,Glob,FALSE,stan_models/master_model.stan,hindi/reps/econ_1_loc_0_glob_-1_rep35.csv,0.04230734842,0.7153705829762194,-0.25701242959264947,-1.4954290046516696,-0.11002553318435991,-0.1784,-9.28462941702378,-10.257012429592649,-11.495429004651669,0.06837446681564009,1.237606965737365,0.4568580088698788,-0.5049799641746474,0.9500276097814989,-0.21893022022320516,NA,NA,NA,NA,NA,NA,NA,NA,-9.54314199113012,-10.504979964174648,-9.049972390218501,-0.040530220223205154
Glob+Loc,10,10,10,reps,hindi,Econ,FALSE,stan_models/master_model.stan,hindi/reps/econ_1_loc_0_glob_-1_rep36.csv,0.1473420101,0.694346830032527,-0.8773870318158432,-1.6987839967268819,-0.09814947495152078,-0.1784,-9.305653169967472,-10.877387031815843,-11.698783996726881,0.08025052504847922,0.8789572229558502,-0.20563806533242102,0.30325938133339764,4.8946575686951705,0.006589003187187191,NA,NA,NA,NA,NA,NA,NA,NA,-10.20563806533242,-9.696740618666603,-5.1053424313048295,0.1849890031871872
Econ,10,10,10,reps,hindi,Glob+Loc,TRUE,stan_models/master_model.stan,hindi/reps/econ_1_loc_0_glob_-1_rep37.csv,0.8908738472,0.3866243884871998,-0.6553825566383511,-0.6627186913035182,-0.13357007976512256,-0.1784,-9.6133756115128,-10.65538255663835,-10.662718691303517,0.044829920234877446,1.5363446747918383,1.0645119284604259,-0.39460457651158676,-1.701645642489843,-0.07521993305211179,NA,NA,NA,NA,NA,NA,NA,NA,-8.935488071539574,-10.394604576511586,-11.701645642489844,0.10318006694788821
Glob,10,10,10,reps,hindi,Econ+Loc,FALSE,stan_models/master_model.stan,hindi/reps/econ_1_loc_0_glob_-1_rep38.csv,0.02791705124,-0.13425739684182697,-1.7790098725205206,-0.5628299702164502,-0.17297025329403445,-0.1784,-10.134257396841827,-11.77900987252052,-10.56282997021645,0.005429746705965549,1.430687568102679,-0.08202969994735547,0.22341138050800333,-0.4818447364425972,-0.11178970628457893,NA,NA,NA,NA,NA,NA,NA,NA,-10.082029699947356,-9.776588619491998,-10.481844736442596,0.06661029371542107
Loc,10,10,10,reps,hindi,Econ+Glob,FALSE,stan_models/master_model.stan,hindi/reps/econ_1_loc_0_glob_-1_rep39.csv,0.8346608794,1.0459166713749735,0.5184228703535207,0.22378227895191666,-0.2090608929295323,-0.1784,-8.954083328625027,-9.48157712964648,-9.776217721048083,-0.030660892929532307,0.9652388685871113,-0.4457936867715213,-0.5062277450212062,4.521444667917158,-0.12430634124952195,NA,NA,NA,NA,NA,NA,NA,NA,-10.445793686771522,-10.506227745021206,-5.478555332082842,0.05409365875047806
NA,10,10,10,reps,hindi,Econ+Glob+Loc,FALSE,stan_models/master_neg.stan,hindi/reps/econ_1_loc_0_glob_-1_rep40.csv,0.5391385307,0.9584950101813088,0.17571071161142598,-0.14416460666248596,-0.1427107752648403,-0.1784,-9.04150498981869,-9.824289288388574,-10.144164606662486,0.0356892247351597,1.6602854025811185,-0.1998601490332116,-1.2239308415603942,-0.7391451154561242,-0.21965942048839407,NA,NA,NA,NA,NA,NA,NA,NA,-10.199860149033212,-11.223930841560394,-10.739145115456123,-0.041259420488394066
Econ+Glob+Loc,10,10,10,reps,hindi,NA,FALSE,stan_models/master_pos.stan,hindi/reps/econ_1_loc_0_glob_-1_rep41.csv,0.6943562858,-0.06579539201102938,-0.2876038710786769,2.0531449604990843,-0.1588266519295674,-0.1784,-10.06579539201103,-10.287603871078677,-7.946855039500916,0.019573348070432595,0.9619564725278649,0.8344056701424409,0.4644719916754723,1.9209295990682356,-0.1293476416433385,NA,NA,NA,NA,NA,NA,NA,NA,-9.165594329857559,-9.535528008324528,-8.079070400931764,0.049052358356661496
Econ+Glob,10,10,10,reps,hindi,Loc,FALSE,stan_models/master_model.stan,hindi/reps/econ_1_loc_0_glob_-1_rep42.csv,0.7987757691,1.52637986415679,0.017387456181971014,-1.765322230038006,-0.18463721376063813,-0.1784,-8.473620135843209,-9.982612543818028,-11.765322230038006,-0.006237213760638127,1.4443400920568648,1.067234857795268,0.3904527761882812,-2.134883741721386,-0.2568257613585427,NA,NA,NA,NA,NA,NA,NA,NA,-8.932765142204731,-9.609547223811719,-12.134883741721385,-0.07842576135854268
Econ+Loc,10,10,10,reps,hindi,Glob,FALSE,stan_models/master_model.stan,hindi/reps/econ_1_loc_0_glob_-1_rep43.csv,0.7858255137,1.0961906869081635,-0.19796060217488726,-2.555815177250648,-0.25268517522830425,-0.1784,-8.903809313091836,-10.197960602174888,-12.555815177250647,-0.07428517522830425,1.237606965737365,0.4568580088698788,-0.5049799641746474,0.9500276097814989,-0.21893022022320516,NA,NA,NA,NA,NA,NA,NA,NA,-9.54314199113012,-10.504979964174648,-9.049972390218501,-0.040530220223205154
Glob+Loc,10,10,10,reps,hindi,Econ,FALSE,stan_models/master_model.stan,hindi/reps/econ_1_loc_0_glob_-1_rep44.csv,0.7859969524,1.213954159448769,-0.12757101294301174,-1.8747493494495275,-0.325825320531017,-0.1784,-8.786045840551232,-10.127571012943012,-11.874749349449527,-0.14742532053101698,0.8789572229558502,-0.20563806533242102,0.30325938133339764,4.8946575686951705,0.006589003187187191,NA,NA,NA,NA,NA,NA,NA,NA,-10.20563806533242,-9.696740618666603,-5.1053424313048295,0.1849890031871872
Econ,10,10,10,reps,hindi,Glob+Loc,TRUE,stan_models/master_model.stan,hindi/reps/econ_1_loc_0_glob_-1_rep45.csv,0.4349337195,0.8934136252536856,0.6043531392092891,1.3769239763142704,-0.045173554238938776,-0.1784,-9.106586374746314,-9.39564686079071,-8.62307602368573,0.13322644576106124,1.5363446747918383,1.0645119284604259,-0.39460457651158676,-1.701645642489843,-0.07521993305211179,NA,NA,NA,NA,NA,NA,NA,NA,-8.935488071539574,-10.394604576511586,-11.701645642489844,0.10318006694788821
Glob,10,10,10,reps,hindi,Econ+Loc,FALSE,stan_models/master_model.stan,hindi/reps/econ_1_loc_0_glob_-1_rep46.csv,0.6009354118,0.411722238131841,-0.26613273196180554,0.8530717349652425,-0.1097951417345948,-0.1784,-9.58827776186816,-10.266132731961806,-9.146928265034758,0.0686048582654052,1.430687568102679,-0.08202969994735547,0.22341138050800333,-0.4818447364425972,-0.11178970628457893,NA,NA,NA,NA,NA,NA,NA,NA,-10.082029699947356,-9.776588619491998,-10.481844736442596,0.06661029371542107
Loc,10,10,10,reps,hindi,Econ+Glob,FALSE,stan_models/master_model.stan,hindi/reps/econ_1_loc_0_glob_-1_rep47.csv,0.1819658045,0.8614533310925173,-0.050946167697798424,-1.8500684167190218,-0.048060583335479745,-0.1784,-9.138546668907482,-10.050946167697798,-11.850068416719022,0.13033941666452026,0.9652388685871113,-0.4457936867715213,-0.5062277450212062,4.521444667917158,-0.12430634124952195,NA,NA,NA,NA,NA,NA,NA,NA,-10.445793686771522,-10.506227745021206,-5.478555332082842,0.05409365875047806
NA,10,10,10,reps,hindi,Econ+Glob+Loc,FALSE,stan_models/master_neg.stan,hindi/reps/econ_1_loc_0_glob_-1_rep48.csv,0.3536141714,0.25448488157719695,-0.16677147312922128,1.726329366770188,-0.21584617261249753,-0.1784,-9.745515118422803,-10.166771473129222,-8.273670633229813,-0.037446172612497525,1.6602854025811185,-0.1998601490332116,-1.2239308415603942,-0.7391451154561242,-0.21965942048839407,NA,NA,NA,NA,NA,NA,NA,NA,-10.199860149033212,-11.223930841560394,-10.739145115456123,-0.041259420488394066
Econ+Glob+Loc,10,10,10,reps,hindi,NA,FALSE,stan_models/master_pos.stan,hindi/reps/econ_1_loc_0_glob_-1_rep49.csv,0.7496471555,0.9651862559298019,-0.2286399146774067,-0.414016681289926,-0.15096692508497486,-0.1784,-9.034813744070199,-10.228639914677407,-10.414016681289926,0.02743307491502514,0.9619564725278649,0.8344056701424409,0.4644719916754723,1.9209295990682356,-0.1293476416433385,NA,NA,NA,NA,NA,NA,NA,NA,-9.165594329857559,-9.535528008324528,-8.079070400931764,0.049052358356661496
Econ+Glob,10,10,10,reps,hindi,Loc,FALSE,stan_models/master_model.stan,hindi/reps/econ_1_loc_0_glob_-1_rep50.csv,0.9893597352,0.5269350894778039,-0.37855960245089587,-1.2263181663212526,-0.2609782457670579,-0.1784,-9.473064910522195,-10.378559602450895,-11.226318166321253,-0.08257824576705791,1.4443400920568648,1.067234857795268,0.3904527761882812,-2.134883741721386,-0.2568257613585427,NA,NA,NA,NA,NA,NA,NA,NA,-8.932765142204731,-9.609547223811719,-12.134883741721385,-0.07842576135854268
Econ+Loc,10,10,10,reps,hindi,Glob,FALSE,stan_models/master_model.stan,hindi/reps/econ_1_loc_0_glob_-1_rep51.csv,0.3691141519,1.2226623758345159,-0.3120955060253036,-2.9285313217468607,-0.2339746483367921,-0.1784,-8.777337624165485,-10.312095506025303,-12.92853132174686,-0.0555746483367921,1.237606965737365,0.4568580088698788,-0.5049799641746474,0.9500276097814989,-0.21893022022320516,NA,NA,NA,NA,NA,NA,NA,NA,-9.54314199113012,-10.504979964174648,-9.049972390218501,-0.040530220223205154
Glob+Loc,10,10,10,reps,hindi,Econ,FALSE,stan_models/master_model.stan,hindi/reps/econ_1_loc_0_glob_-1_rep52.csv,0.2209764898,1.2146555978301439,-0.3187456791197707,-1.3001522846906586,-0.06892891279291774,-0.1784,-8.785344402169857,-10.31874567911977,-11.30015228469066,0.10947108720708226,0.8789572229558502,-0.20563806533242102,0.30325938133339764,4.8946575686951705,0.006589003187187191,NA,NA,NA,NA,NA,NA,NA,NA,-10.20563806533242,-9.696740618666603,-5.1053424313048295,0.1849890031871872
Econ,10,10,10,reps,hindi,Glob+Loc,TRUE,stan_models/master_model.stan,hindi/reps/econ_1_loc_0_glob_-1_rep53.csv,0.4718389405,1.108402603819662,0.05242729219047312,-1.1501588927880326,-0.3758414403585165,-0.1784,-8.891597396180337,-9.947572707809528,-11.150158892788033,-0.19744144035851652,1.5363446747918383,1.0645119284604259,-0.39460457651158676,-1.701645642489843,-0.07521993305211179,NA,NA,NA,NA,NA,NA,NA,NA,-8.935488071539574,-10.394604576511586,-11.701645642489844,0.10318006694788821
Glob,10,10,10,reps,hindi,Econ+Loc,FALSE,stan_models/master_model.stan,hindi/reps/econ_1_loc_0_glob_-1_rep54.csv,0.5476362892,1.5776052758269383,0.7607930264432078,-2.749494541492099,-0.16676655201628518,-0.1784,-8.422394724173062,-9.239206973556792,-12.7494945414921,0.011633447983714823,1.430687568102679,-0.08202969994735547,0.22341138050800333,-0.4818447364425972,-0.11178970628457893,NA,NA,NA,NA,NA,NA,NA,NA,-10.082029699947356,-9.776588619491998,-10.481844736442596,0.06661029371542107
Loc,10,10,10,reps,hindi,Econ+Glob,FALSE,stan_models/master_model.stan,hindi/reps/econ_1_loc_0_glob_-1_rep55.csv,0.3810778364,0.31767821838134347,0.29869273280859326,3.198180488799905,-0.12669978009804428,-0.1784,-9.682321781618656,-9.701307267191407,-6.801819511200096,0.051700219901955724,0.9652388685871113,-0.4457936867715213,-0.5062277450212062,4.521444667917158,-0.12430634124952195,NA,NA,NA,NA,NA,NA,NA,NA,-10.445793686771522,-10.506227745021206,-5.478555332082842,0.05409365875047806
NA,10,10,10,reps,hindi,Econ+Glob+Loc,FALSE,stan_models/master_neg.stan,hindi/reps/econ_1_loc_0_glob_-1_rep56.csv,0.8983031675,1.8785539405713954,-0.33566554902248485,-5.1054724685989745,-0.2892173393769205,-0.1784,-8.121446059428605,-10.335665549022485,-15.105472468598975,-0.11081733937692051,1.6602854025811185,-0.1998601490332116,-1.2239308415603942,-0.7391451154561242,-0.21965942048839407,NA,NA,NA,NA,NA,NA,NA,NA,-10.199860149033212,-11.223930841560394,-10.739145115456123,-0.041259420488394066
Econ+Glob+Loc,10,10,10,reps,hindi,NA,FALSE,stan_models/master_pos.stan,hindi/reps/econ_1_loc_0_glob_-1_rep57.csv,0.07529683095,0.035098783904190065,0.049150532858825785,2.299483923535171,-0.2030242294178589,-0.1784,-9.96490121609581,-9.950849467141174,-7.7005160764648295,-0.024624229417858884,0.9619564725278649,0.8344056701424409,0.4644719916754723,1.9209295990682356,-0.1293476416433385,NA,NA,NA,NA,NA,NA,NA,NA,-9.165594329857559,-9.535528008324528,-8.079070400931764,0.049052358356661496
Econ+Glob,10,10,10,reps,hindi,Loc,FALSE,stan_models/master_model.stan,hindi/reps/econ_1_loc_0_glob_-1_rep58.csv,0.9380644744,0.9272910947890775,0.003936710888024336,0.6542536796511018,-0.16949863287985087,-0.1784,-9.072708905210922,-9.996063289111977,-9.345746320348898,0.008901367120149134,1.4443400920568648,1.067234857795268,0.3904527761882812,-2.134883741721386,-0.2568257613585427,NA,NA,NA,NA,NA,NA,NA,NA,-8.932765142204731,-9.609547223811719,-12.134883741721385,-0.07842576135854268
Econ+Loc,10,10,10,reps,hindi,Glob,FALSE,stan_models/master_model.stan,hindi/reps/econ_1_loc_0_glob_-1_rep59.csv,0.6006368525,0.7718604725942728,-0.4582303946548936,-0.8460664398586631,-0.2793467342129054,-0.1784,-9.228139527405727,-10.458230394654894,-10.846066439858664,-0.1009467342129054,1.237606965737365,0.4568580088698788,-0.5049799641746474,0.9500276097814989,-0.21893022022320516,NA,NA,NA,NA,NA,NA,NA,NA,-9.54314199113012,-10.504979964174648,-9.049972390218501,-0.040530220223205154
Glob+Loc,10,10,10,reps,hindi,Econ,FALSE,stan_models/master_model.stan,hindi/reps/econ_1_loc_0_glob_-1_rep60.csv,0.9411773812,1.4483552167689346,0.04769559237105181,-3.1969135822271086,-0.30629353758505584,-0.1784,-8.551644783231065,-9.952304407628947,-13.196913582227108,-0.12789353758505584,0.8789572229558502,-0.20563806533242102,0.30325938133339764,4.8946575686951705,0.006589003187187191,NA,NA,NA,NA,NA,NA,NA,NA,-10.20563806533242,-9.696740618666603,-5.1053424313048295,0.1849890031871872
Econ,10,10,10,reps,hindi,Glob+Loc,TRUE,stan_models/master_model.stan,hindi/reps/econ_1_loc_0_glob_-1_rep61.csv,0.569146627,2.036428714418093,0.7293033881712994,-3.372951437111767,-0.20870719707819738,-0.1784,-7.9635712855819065,-9.2706966118287,-13.372951437111766,-0.030307197078197373,1.5363446747918383,1.0645119284604259,-0.39460457651158676,-1.701645642489843,-0.07521993305211179,NA,NA,NA,NA,NA,NA,NA,NA,-8.935488071539574,-10.394604576511586,-11.701645642489844,0.10318006694788821
Glob,10,10,10,reps,hindi,Econ+Loc,FALSE,stan_models/master_model.stan,hindi/reps/econ_1_loc_0_glob_-1_rep62.csv,0.2865129557,1.4447157633868422,0.48368853050424276,-1.4623054695659807,-0.31474851650532554,-0.1784,-8.555284236613158,-9.516311469495758,-11.462305469565981,-0.13634851650532553,1.430687568102679,-0.08202969994735547,0.22341138050800333,-0.4818447364425972,-0.11178970628457893,NA,NA,NA,NA,NA,NA,NA,NA,-10.082029699947356,-9.776588619491998,-10.481844736442596,0.06661029371542107
Loc,10,10,10,reps,hindi,Econ+Glob,FALSE,stan_models/master_model.stan,hindi/reps/econ_1_loc_0_glob_-1_rep63.csv,0.3294707795,1.5779920693760918,0.27811451756262573,-3.180026676368361,-0.11690700698795811,-0.1784,-8.422007930623908,-9.721885482437374,-13.18002667636836,0.06149299301204189,0.9652388685871113,-0.4457936867715213,-0.5062277450212062,4.521444667917158,-0.12430634124952195,NA,NA,NA,NA,NA,NA,NA,NA,-10.445793686771522,-10.506227745021206,-5.478555332082842,0.05409365875047806
NA,10,10,10,reps,hindi,Econ+Glob+Loc,FALSE,stan_models/master_neg.stan,hindi/reps/econ_1_loc_0_glob_-1_rep64.csv,0.1592305393,0.5954951500395522,0.5833956413631478,2.5561120443924232,-0.0521831241318452,-0.1784,-9.404504849960448,-9.416604358636853,-7.443887955607577,0.1262168758681548,1.6602854025811185,-0.1998601490332116,-1.2239308415603942,-0.7391451154561242,-0.21965942048839407,NA,NA,NA,NA,NA,NA,NA,NA,-10.199860149033212,-11.223930841560394,-10.739145115456123,-0.041259420488394066
Econ+Glob+Loc,10,10,10,reps,hindi,NA,FALSE,stan_models/master_pos.stan,hindi/reps/econ_1_loc_0_glob_-1_rep65.csv,0.1363397525,1.37169221322044,0.3477436465685505,-2.1711156677280137,-0.20821948828111683,-0.1784,-8.62830778677956,-9.652256353431449,-12.171115667728014,-0.02981948828111683,0.9619564725278649,0.8344056701424409,0.4644719916754723,1.9209295990682356,-0.1293476416433385,NA,NA,NA,NA,NA,NA,NA,NA,-9.165594329857559,-9.535528008324528,-8.079070400931764,0.049052358356661496
Econ+Glob,10,10,10,reps,hindi,Loc,FALSE,stan_models/master_model.stan,hindi/reps/econ_1_loc_0_glob_-1_rep66.csv,0.5235747523,2.054668801164327,1.1493790759539724,-1.508316945852251,-0.16291045946668167,-0.1784,-7.945331198835673,-8.850620924046028,-11.50831694585225,0.01548954053331833,1.4443400920568648,1.067234857795268,0.3904527761882812,-2.134883741721386,-0.2568257613585427,NA,NA,NA,NA,NA,NA,NA,NA,-8.932765142204731,-9.609547223811719,-12.134883741721385,-0.07842576135854268
Econ+Loc,10,10,10,reps,hindi,Glob,FALSE,stan_models/master_model.stan,hindi/reps/econ_1_loc_0_glob_-1_rep67.csv,0.1834275608,0.45410023308089026,-0.3103511124714667,1.132443415197837,-0.24465919480461068,-0.1784,-9.54589976691911,-10.310351112471468,-8.867556584802163,-0.06625919480461068,1.237606965737365,0.4568580088698788,-0.5049799641746474,0.9500276097814989,-0.21893022022320516,NA,NA,NA,NA,NA,NA,NA,NA,-9.54314199113012,-10.504979964174648,-9.049972390218501,-0.040530220223205154
Glob+Loc,10,10,10,reps,hindi,Econ,FALSE,stan_models/master_model.stan,hindi/reps/econ_1_loc_0_glob_-1_rep68.csv,0.7983570845,0.9477230939719858,0.22965432493013754,0.7205053192751232,0.028994363785579996,-0.1784,-9.052276906028014,-9.770345675069862,-9.279494680724877,0.20739436378558,0.8789572229558502,-0.20563806533242102,0.30325938133339764,4.8946575686951705,0.006589003187187191,NA,NA,NA,NA,NA,NA,NA,NA,-10.20563806533242,-9.696740618666603,-5.1053424313048295,0.1849890031871872
Econ,10,10,10,reps,hindi,Glob+Loc,TRUE,stan_models/master_model.stan,hindi/reps/econ_1_loc_0_glob_-1_rep69.csv,0.7864488137,2.274018702799905,1.7726745366809877,-1.2570734447949798,-0.2820826166207212,-0.1784,-7.725981297200095,-8.227325463319012,-11.25707344479498,-0.1036826166207212,1.5363446747918383,1.0645119284604259,-0.39460457651158676,-1.701645642489843,-0.07521993305211179,NA,NA,NA,NA,NA,NA,NA,NA,-8.935488071539574,-10.394604576511586,-11.701645642489844,0.10318006694788821
Glob,10,10,10,reps,hindi,Econ+Loc,FALSE,stan_models/master_model.stan,hindi/reps/econ_1_loc_0_glob_-1_rep70.csv,0.08534950103,0.8752455373814736,-0.5193605542039119,1.0156273685663622,-0.1339696401028681,-0.1784,-9.124754462618526,-10.519360554203912,-8.984372631433638,0.0444303598971319,1.430687568102679,-0.08202969994735547,0.22341138050800333,-0.4818447364425972,-0.11178970628457893,NA,NA,NA,NA,NA,NA,NA,NA,-10.082029699947356,-9.776588619491998,-10.481844736442596,0.06661029371542107
Loc,10,10,10,reps,hindi,Econ+Glob,FALSE,stan_models/master_model.stan,hindi/reps/econ_1_loc_0_glob_-1_rep71.csv,0.3039854876,0.9706832172314824,0.46259837534347575,0.9716319057367411,-0.09837618948067421,-0.1784,-9.029316782768518,-9.537401624656525,-9.028368094263259,0.08002381051932579,0.9652388685871113,-0.4457936867715213,-0.5062277450212062,4.521444667917158,-0.12430634124952195,NA,NA,NA,NA,NA,NA,NA,NA,-10.445793686771522,-10.506227745021206,-5.478555332082842,0.05409365875047806
NA,10,10,10,reps,hindi,Econ+Glob+Loc,FALSE,stan_models/master_neg.stan,hindi/reps/econ_1_loc_0_glob_-1_rep72.csv,0.2288819711,1.055821466489823,0.17240267674555645,-1.1951341864806366,-0.10071291334418198,-0.1784,-8.944178533510177,-9.827597323254443,-11.195134186480637,0.07768708665581803,1.6602854025811185,-0.1998601490332116,-1.2239308415603942,-0.7391451154561242,-0.21965942048839407,NA,NA,NA,NA,NA,NA,NA,NA,-10.199860149033212,-11.223930841560394,-10.739145115456123,-0.041259420488394066
Econ+Glob+Loc,10,10,10,reps,hindi,NA,FALSE,stan_models/master_pos.stan,hindi/reps/econ_1_loc_0_glob_-1_rep73.csv,0.1853123225,1.0890183203086092,-0.12003593411940852,-0.3648894038966938,-0.0928156451472114,-0.1784,-8.91098167969139,-10.120035934119409,-10.364889403896694,0.0855843548527886,0.9619564725278649,0.8344056701424409,0.4644719916754723,1.9209295990682356,-0.1293476416433385,NA,NA,NA,NA,NA,NA,NA,NA,-9.165594329857559,-9.535528008324528,-8.079070400931764,0.049052358356661496
Econ+Glob,10,10,10,reps,hindi,Loc,FALSE,stan_models/master_model.stan,hindi/reps/econ_1_loc_0_glob_-1_rep74.csv,0.9343794507,0.08583709004949466,0.010960800737279968,3.872176806636227,-0.37303807044396947,-0.1784,-9.914162909950505,-9.98903919926272,-6.127823193363772,-0.19463807044396947,1.4443400920568648,1.067234857795268,0.3904527761882812,-2.134883741721386,-0.2568257613585427,NA,NA,NA,NA,NA,NA,NA,NA,-8.932765142204731,-9.609547223811719,-12.134883741721385,-0.07842576135854268
Econ+Loc,10,10,10,reps,hindi,Glob,FALSE,stan_models/master_model.stan,hindi/reps/econ_1_loc_0_glob_-1_rep75.csv,0.7470162036,0.46407689924612455,-1.1150033961457475,-1.3042560846364506,-0.21890604956014104,-0.1784,-9.535923100753875,-11.115003396145747,-11.304256084636451,-0.04050604956014103,1.237606965737365,0.4568580088698788,-0.5049799641746474,0.9500276097814989,-0.21893022022320516,NA,NA,NA,NA,NA,NA,NA,NA,-9.54314199113012,-10.504979964174648,-9.049972390218501,-0.040530220223205154
Glob+Loc,10,10,10,reps,hindi,Econ,FALSE,stan_models/master_model.stan,hindi/reps/econ_1_loc_0_glob_-1_rep76.csv,0.671492121,1.496585910029922,0.2971281998449325,-2.5325538934497933,-0.31300803672137756,-0.1784,-8.503414089970079,-9.702871800155068,-12.532553893449794,-0.13460803672137756,0.8789572229558502,-0.20563806533242102,0.30325938133339764,4.8946575686951705,0.006589003187187191,NA,NA,NA,NA,NA,NA,NA,NA,-10.20563806533242,-9.696740618666603,-5.1053424313048295,0.1849890031871872
Econ,10,10,10,reps,hindi,Glob+Loc,TRUE,stan_models/master_model.stan,hindi/reps/econ_1_loc_0_glob_-1_rep77.csv,0.308319028,0.933908309422351,-0.46262755711528014,-1.8794226966271461,-0.14532162359832454,-0.1784,-9.066091690577649,-10.46262755711528,-11.879422696627145,0.03307837640167546,1.5363446747918383,1.0645119284604259,-0.39460457651158676,-1.701645642489843,-0.07521993305211179,NA,NA,NA,NA,NA,NA,NA,NA,-8.935488071539574,-10.394604576511586,-11.701645642489844,0.10318006694788821
Glob,10,10,10,reps,hindi,Econ+Loc,FALSE,stan_models/master_model.stan,hindi/reps/econ_1_loc_0_glob_-1_rep78.csv,0.995223565,0.606680784909201,-0.15282100655457714,1.1139198746899266,-0.08091286782353536,-0.1784,-9.393319215090798,-10.152821006554577,-8.886080125310073,0.09748713217646464,1.430687568102679,-0.08202969994735547,0.22341138050800333,-0.4818447364425972,-0.11178970628457893,NA,NA,NA,NA,NA,NA,NA,NA,-10.082029699947356,-9.776588619491998,-10.481844736442596,0.06661029371542107
Loc,10,10,10,reps,hindi,Econ+Glob,FALSE,stan_models/master_model.stan,hindi/reps/econ_1_loc_0_glob_-1_rep79.csv,0.0112389643,0.4726084379595177,-0.320894834158419,-1.602682521123036,-0.14001319283509725,-0.1784,-9.527391562040481,-10.32089483415842,-11.602682521123036,0.03838680716490275,0.9652388685871113,-0.4457936867715213,-0.5062277450212062,4.521444667917158,-0.12430634124952195,NA,NA,NA,NA,NA,NA,NA,NA,-10.445793686771522,-10.506227745021206,-5.478555332082842,0.05409365875047806
NA,10,10,10,reps,hindi,Econ+Glob+Loc,FALSE,stan_models/master_neg.stan,hindi/reps/econ_1_loc_0_glob_-1_rep80.csv,0.6662648753,0.7482130860174937,-0.13726894946027635,-0.7361726359304221,-0.3204737668001063,-0.1784,-9.251786913982507,-10.137268949460276,-10.736172635930423,-0.1420737668001063,1.6602854025811185,-0.1998601490332116,-1.2239308415603942,-0.7391451154561242,-0.21965942048839407,NA,NA,NA,NA,NA,NA,NA,NA,-10.199860149033212,-11.223930841560394,-10.739145115456123,-0.041259420488394066
Econ+Glob+Loc,10,10,10,reps,hindi,NA,FALSE,stan_models/master_pos.stan,hindi/reps/econ_1_loc_0_glob_-1_rep81.csv,0.2316274178,1.133019734009056,0.8272532479855097,-0.5480089069305459,-0.1024031488397196,-0.1784,-8.866980265990945,-9.17274675201449,-10.548008906930546,0.0759968511602804,0.9619564725278649,0.8344056701424409,0.4644719916754723,1.9209295990682356,-0.1293476416433385,NA,NA,NA,NA,NA,NA,NA,NA,-9.165594329857559,-9.535528008324528,-8.079070400931764,0.049052358356661496
Econ+Glob,10,10,10,reps,hindi,Loc,FALSE,stan_models/master_model.stan,hindi/reps/econ_1_loc_0_glob_-1_rep82.csv,0.4118463964,-0.28391538232626895,-0.9081407458055142,4.204646214627487,-0.19312964696208487,-0.1784,-10.283915382326269,-10.908140745805515,-5.795353785372513,-0.014729646962084869,1.4443400920568648,1.067234857795268,0.3904527761882812,-2.134883741721386,-0.2568257613585427,NA,NA,NA,NA,NA,NA,NA,NA,-8.932765142204731,-9.609547223811719,-12.134883741721385,-0.07842576135854268
Econ+Loc,10,10,10,reps,hindi,Glob,FALSE,stan_models/master_model.stan,hindi/reps/econ_1_loc_0_glob_-1_rep83.csv,0.327869888,1.032401673469197,-0.5635580474647645,-3.0816679629881536,-0.358863018044245,-0.1784,-8.967598326530803,-10.563558047464765,-13.081667962988153,-0.18046301804424497,1.237606965737365,0.4568580088698788,-0.5049799641746474,0.9500276097814989,-0.21893022022320516,NA,NA,NA,NA,NA,NA,NA,NA,-9.54314199113012,-10.504979964174648,-9.049972390218501,-0.040530220223205154
Glob+Loc,10,10,10,reps,hindi,Econ,FALSE,stan_models/master_model.stan,hindi/reps/econ_1_loc_0_glob_-1_rep84.csv,0.4330201533,0.944420809428585,-1.3125907113267414,-3.06980493633063,-0.3787875966398437,-0.1784,-9.055579190571414,-11.312590711326742,-13.06980493633063,-0.20038759663984368,0.8789572229558502,-0.20563806533242102,0.30325938133339764,4.8946575686951705,0.006589003187187191,NA,NA,NA,NA,NA,NA,NA,NA,-10.20563806533242,-9.696740618666603,-5.1053424313048295,0.1849890031871872
Econ,10,10,10,reps,hindi,Glob+Loc,TRUE,stan_models/master_model.stan,hindi/reps/econ_1_loc_0_glob_-1_rep85.csv,0.8913249517,0.8708055412514065,0.732062663399823,2.398496329721142,-0.10132073201337465,-0.1784,-9.129194458748593,-9.267937336600177,-7.601503670278857,0.07707926798662536,1.5363446747918383,1.0645119284604259,-0.39460457651158676,-1.701645642489843,-0.07521993305211179,NA,NA,NA,NA,NA,NA,NA,NA,-8.935488071539574,-10.394604576511586,-11.701645642489844,0.10318006694788821
Glob,10,10,10,reps,hindi,Econ+Loc,FALSE,stan_models/master_model.stan,hindi/reps/econ_1_loc_0_glob_-1_rep86.csv,0.3935490047,0.17179357079170404,-0.5021517135356675,0.911285599221028,-0.19711027975504422,-0.1784,-9.828206429208295,-10.502151713535667,-9.088714400778972,-0.018710279755044218,1.430687568102679,-0.08202969994735547,0.22341138050800333,-0.4818447364425972,-0.11178970628457893,NA,NA,NA,NA,NA,NA,NA,NA,-10.082029699947356,-9.776588619491998,-10.481844736442596,0.06661029371542107
Loc,10,10,10,reps,hindi,Econ+Glob,FALSE,stan_models/master_model.stan,hindi/reps/econ_1_loc_0_glob_-1_rep87.csv,0.4847267355,1.4506173434385239,0.4668839517631146,-1.4049441971649301,-0.12659543724633773,-0.1784,-8.549382656561477,-9.533116048236886,-11.40494419716493,0.05180456275366227,0.9652388685871113,-0.4457936867715213,-0.5062277450212062,4.521444667917158,-0.12430634124952195,NA,NA,NA,NA,NA,NA,NA,NA,-10.445793686771522,-10.506227745021206,-5.478555332082842,0.05409365875047806
NA,10,10,10,reps,hindi,Econ+Glob+Loc,FALSE,stan_models/master_neg.stan,hindi/reps/econ_1_loc_0_glob_-1_rep88.csv,0.3397813971,0.9098209644471333,-0.23670407811074343,-0.27731523353481075,-0.1771742571567485,-0.1784,-9.090179035552866,-10.236704078110744,-10.27731523353481,0.0012257428432514983,1.6602854025811185,-0.1998601490332116,-1.2239308415603942,-0.7391451154561242,-0.21965942048839407,NA,NA,NA,NA,NA,NA,NA,NA,-10.199860149033212,-11.223930841560394,-10.739145115456123,-0.041259420488394066
Econ+Glob+Loc,10,10,10,reps,hindi,NA,FALSE,stan_models/master_pos.stan,hindi/reps/econ_1_loc_0_glob_-1_rep89.csv,0.408814956,1.4162608625270403,-0.35166811921601093,-3.7370410387449966,-0.22823642494770072,-0.1784,-8.58373913747296,-10.351668119216011,-13.737041038744996,-0.049836424947700714,0.9619564725278649,0.8344056701424409,0.4644719916754723,1.9209295990682356,-0.1293476416433385,NA,NA,NA,NA,NA,NA,NA,NA,-9.165594329857559,-9.535528008324528,-8.079070400931764,0.049052358356661496
Econ+Glob,10,10,10,reps,hindi,Loc,FALSE,stan_models/master_model.stan,hindi/reps/econ_1_loc_0_glob_-1_rep90.csv,0.008140789258,1.2025652729139025,-0.53072003159989,-3.0111492388003387,-0.3214929273616625,-0.1784,-8.797434727086097,-10.53072003159989,-13.01114923880034,-0.14309292736166251,1.4443400920568648,1.067234857795268,0.3904527761882812,-2.134883741721386,-0.2568257613585427,NA,NA,NA,NA,NA,NA,NA,NA,-8.932765142204731,-9.609547223811719,-12.134883741721385,-0.07842576135854268
Econ+Loc,10,10,10,reps,hindi,Glob,FALSE,stan_models/master_model.stan,hindi/reps/econ_1_loc_0_glob_-1_rep91.csv,0.4711400866,1.5215385513053872,0.22613984859106304,-2.481112188830429,-0.16583828132822037,-0.1784,-8.478461448694613,-9.773860151408938,-12.48111218883043,0.012561718671779631,1.237606965737365,0.4568580088698788,-0.5049799641746474,0.9500276097814989,-0.21893022022320516,NA,NA,NA,NA,NA,NA,NA,NA,-9.54314199113012,-10.504979964174648,-9.049972390218501,-0.040530220223205154
Glob+Loc,10,10,10,reps,hindi,Econ,FALSE,stan_models/master_model.stan,hindi/reps/econ_1_loc_0_glob_-1_rep92.csv,0.1042639798,0.6840674019387193,-0.33802905207609335,0.17471410453800698,-0.16138259844837252,-0.1784,-9.31593259806128,-10.338029052076093,-9.825285895461993,0.01701740155162748,0.8789572229558502,-0.20563806533242102,0.30325938133339764,4.8946575686951705,0.006589003187187191,NA,NA,NA,NA,NA,NA,NA,NA,-10.20563806533242,-9.696740618666603,-5.1053424313048295,0.1849890031871872
Econ,10,10,10,reps,hindi,Glob+Loc,TRUE,stan_models/master_model.stan,hindi/reps/econ_1_loc_0_glob_-1_rep93.csv,0.7489091159,2.3336642848177793,1.2097844243128497,-1.4713076257716655,-0.12878322440496218,-0.1784,-7.666335715182221,-8.79021557568715,-11.471307625771665,0.049616775595037826,1.5363446747918383,1.0645119284604259,-0.39460457651158676,-1.701645642489843,-0.07521993305211179,NA,NA,NA,NA,NA,NA,NA,NA,-8.935488071539574,-10.394604576511586,-11.701645642489844,0.10318006694788821
Glob,10,10,10,reps,hindi,Econ+Loc,FALSE,stan_models/master_model.stan,hindi/reps/econ_1_loc_0_glob_-1_rep94.csv,0.8080200932,0.27494314799799363,-0.018545596771285016,2.7347738483898856,-0.18162557790732825,-0.1784,-9.725056852002007,-10.018545596771284,-7.265226151610115,-0.0032255779073282476,1.430687568102679,-0.08202969994735547,0.22341138050800333,-0.4818447364425972,-0.11178970628457893,NA,NA,NA,NA,NA,NA,NA,NA,-10.082029699947356,-9.776588619491998,-10.481844736442596,0.06661029371542107
Loc,10,10,10,reps,hindi,Econ+Glob,FALSE,stan_models/master_model.stan,hindi/reps/econ_1_loc_0_glob_-1_rep95.csv,0.7971547974,0.37611461080771036,0.18121963357183526,4.537910935750827,-0.23867737147230134,-0.1784,-9.62388538919229,-9.818780366428165,-5.462089064249173,-0.06027737147230133,0.9652388685871113,-0.4457936867715213,-0.5062277450212062,4.521444667917158,-0.12430634124952195,NA,NA,NA,NA,NA,NA,NA,NA,-10.445793686771522,-10.506227745021206,-5.478555332082842,0.05409365875047806
NA,10,10,10,reps,hindi,Econ+Glob+Loc,FALSE,stan_models/master_neg.stan,hindi/reps/econ_1_loc_0_glob_-1_rep96.csv,0.2460795557,1.46909228766216,0.7148639943955015,0.6827637912399439,0.005590403101194257,-0.1784,-8.53090771233784,-9.285136005604498,-9.317236208760056,0.18399040310119427,1.6602854025811185,-0.1998601490332116,-1.2239308415603942,-0.7391451154561242,-0.21965942048839407,NA,NA,NA,NA,NA,NA,NA,NA,-10.199860149033212,-11.223930841560394,-10.739145115456123,-0.041259420488394066
Econ+Glob+Loc,10,10,10,reps,hindi,NA,FALSE,stan_models/master_pos.stan,hindi/reps/econ_1_loc_0_glob_-1_rep97.csv,0.5877599385,0.4503230729480927,-0.40389505135269743,1.2395542383732434,-0.2104841449459408,-0.1784,-9.549676927051907,-10.403895051352697,-8.760445761626757,-0.03208414494594081,0.9619564725278649,0.8344056701424409,0.4644719916754723,1.9209295990682356,-0.1293476416433385,NA,NA,NA,NA,NA,NA,NA,NA,-9.165594329857559,-9.535528008324528,-8.079070400931764,0.049052358356661496
Econ+Glob,10,10,10,reps,hindi,Loc,FALSE,stan_models/master_model.stan,hindi/reps/econ_1_loc_0_glob_-1_rep98.csv,0.6525332393,1.0947394650754545,0.46310242215151637,-0.5565017873974442,-0.14440067187289876,-0.1784,-8.905260534924546,-9.536897577848483,-10.556501787397444,0.03399932812710124,1.4443400920568648,1.067234857795268,0.3904527761882812,-2.134883741721386,-0.2568257613585427,NA,NA,NA,NA,NA,NA,NA,NA,-8.932765142204731,-9.609547223811719,-12.134883741721385,-0.07842576135854268
Econ+Loc,10,10,10,reps,hindi,Glob,FALSE,stan_models/master_model.stan,hindi/reps/econ_1_loc_0_glob_-1_rep99.csv,0.7540798957,0.46040334792916354,-0.206163611953609,0.995600357899755,-0.346870235509463,-0.1784,-9.539596652070836,-10.20616361195361,-9.004399642100244,-0.168470235509463,1.237606965737365,0.4568580088698788,-0.5049799641746474,0.9500276097814989,-0.21893022022320516,NA,NA,NA,NA,NA,NA,NA,NA,-9.54314199113012,-10.504979964174648,-9.049972390218501,-0.040530220223205154
Glob+Loc,10,10,10,reps,hindi,Econ,FALSE,stan_models/master_model.stan,hindi/reps/econ_1_loc_0_glob_-1_rep100.csv,0.1602572974,1.0462277116436132,0.1830985562360951,-1.7072172118843871,-0.16376857134588732,-0.1784,-8.953772288356387,-9.816901443763905,-11.707217211884387,0.014631428654112683,0.8789572229558502,-0.20563806533242102,0.30325938133339764,4.8946575686951705,0.006589003187187191,NA,NA,NA,NA,NA,NA,NA,NA,-10.20563806533242,-9.696740618666603,-5.1053424313048295,0.1849890031871872
